,segment,H,L
0,1256665088,https://www.gw-openscience.org/archive/data/O3b_4KHZ_R1/1256194048/H-H1_GWOSC_O3b_4KHZ_R1-1256665088-4096.hdf5,https://www.gw-openscience.org/archive/data/O3b_4KHZ_R1/1256194048/L-L1_GWOSC_O3b_4KHZ_R1-1256665088-4096.hdf5
1,1256689664,https://www.gw-openscience.org/archive/data/O3b_4KHZ_R1/1256194048/H-H1_GWOSC_O3b_4KHZ_R1-1256689664-4096.hdf5,https://www.gw-openscience.org/archive/data/O3b_4KHZ_R1/1256194048/L-L1_GWOSC_O3b_4KHZ_R1-1256689664-4096.hdf5
2,1256693760,https://www.gw-openscience.org/archive/data/O3b_4KHZ_R1/1256194048/H-H1_GWOSC_O3b_4KHZ_R1-1256693760-4096.hdf5,https://www.gw-openscience.org/archive/data/O3b_4KHZ_R1/1256194048/L-L1_GWOSC_O3b_4KHZ_R1-1256693760-4096.hdf5
3,1256697856,https://www.gw-openscience.org/archive/data/O3b_4KHZ_R1/1256194048/H-H1_GWOSC_O3b_4KHZ_R1-1256697856-4096.hdf5,https://www.gw-openscience.org/archive/data/O3b_4KHZ_R1/1256194048/L-L1_GWOSC_O3b_4KHZ_R1-1256697856-4096.hdf5
4,1256714240,https://www.gw-openscience.org/archive/data/O3b_4KHZ_R1/1256194048/H-H1_GWOSC_O3b_4KHZ_R1-1256714240-4096.hdf5,https://www.gw-openscience.org/archive/data/O3b_4KHZ_R1/1256194048/L-L1_GWOSC_O3b_4KHZ_R1-1256714240-4096.hdf5
5,1256718336,https://www.gw-openscience.org/archive/data/O3b_4KHZ_R1/1256194048/H-H1_GWOSC_O3b_4KHZ_R1-1256718336-4096.hdf5,https://www.gw-openscience.org/archive/data/O3b_4KHZ_R1/1256194048/L-L1_GWOSC_O3b_4KHZ_R1-1256718336-4096.hdf5
6,1256722432,https://www.gw-openscience.org/archive/data/O3b_4KHZ_R1/1256194048/H-H1_GWOSC_O3b_4KHZ_R1-1256722432-4096.hdf5,https://www.gw-openscience.org/archive/data/O3b_4KHZ_R1/1256194048/L-L1_GWOSC_O3b_4KHZ_R1-1256722432-4096.hdf5
7,1256726528,https://www.gw-openscience.org/archive/data/O3b_4KHZ_R1/1256194048/H-H1_GWOSC_O3b_4KHZ_R1-1256726528-4096.hdf5,https://www.gw-openscience.org/archive/data/O3b_4KHZ_R1/1256194048/L-L1_GWOSC_O3b_4KHZ_R1-1256726528-4096.hdf5
8,1256730624,https://www.gw-openscience.org/archive/data/O3b_4KHZ_R1/1256194048/H-H1_GWOSC_O3b_4KHZ_R1-1256730624-4096.hdf5,https://www.gw-openscience.org/archive/data/O3b_4KHZ_R1/1256194048/L-L1_GWOSC_O3b_4KHZ_R1-1256730624-4096.hdf5
9,1256734720,https://www.gw-openscience.org/archive/data/O3b_4KHZ_R1/1256194048/H-H1_GWOSC_O3b_4KHZ_R1-1256734720-4096.hdf5,https://www.gw-openscience.org/archive/data/O3b_4KHZ_R1/1256194048/L-L1_GWOSC_O3b_4KHZ_R1-1256734720-4096.hdf5
10,1256738816,https://www.gw-openscience.org/archive/data/O3b_4KHZ_R1/1256194048/H-H1_GWOSC_O3b_4KHZ_R1-1256738816-4096.hdf5,https://www.gw-openscience.org/archive/data/O3b_4KHZ_R1/1256194048/L-L1_GWOSC_O3b_4KHZ_R1-1256738816-4096.hdf5
11,1256775680,https://www.gw-openscience.org/archive/data/O3b_4KHZ_R1/1256194048/H-H1_GWOSC_O3b_4KHZ_R1-1256775680-4096.hdf5,https://www.gw-openscience.org/archive/data/O3b_4KHZ_R1/1256194048/L-L1_GWOSC_O3b_4KHZ_R1-1256775680-4096.hdf5
12,1256779776,https://www.gw-openscience.org/archive/data/O3b_4KHZ_R1/1256194048/H-H1_GWOSC_O3b_4KHZ_R1-1256779776-4096.hdf5,https://www.gw-openscience.org/archive/data/O3b_4KHZ_R1/1256194048/L-L1_GWOSC_O3b_4KHZ_R1-1256779776-4096.hdf5
13,1256783872,https://www.gw-openscience.org/archive/data/O3b_4KHZ_R1/1256194048/H-H1_GWOSC_O3b_4KHZ_R1-1256783872-4096.hdf5,https://www.gw-openscience.org/archive/data/O3b_4KHZ_R1/1256194048/L-L1_GWOSC_O3b_4KHZ_R1-1256783872-4096.hdf5
14,1256787968,https://www.gw-openscience.org/archive/data/O3b_4KHZ_R1/1256194048/H-H1_GWOSC_O3b_4KHZ_R1-1256787968-4096.hdf5,https://www.gw-openscience.org/archive/data/O3b_4KHZ_R1/1256194048/L-L1_GWOSC_O3b_4KHZ_R1-1256787968-4096.hdf5
15,1256792064,https://www.gw-openscience.org/archive/data/O3b_4KHZ_R1/1256194048/H-H1_GWOSC_O3b_4KHZ_R1-1256792064-4096.hdf5,https://www.gw-openscience.org/archive/data/O3b_4KHZ_R1/1256194048/L-L1_GWOSC_O3b_4KHZ_R1-1256792064-4096.hdf5
16,1256812544,https://www.gw-openscience.org/archive/data/O3b_4KHZ_R1/1256194048/H-H1_GWOSC_O3b_4KHZ_R1-1256812544-4096.hdf5,https://www.gw-openscience.org/archive/data/O3b_4KHZ_R1/1256194048/L-L1_GWOSC_O3b_4KHZ_R1-1256812544-4096.hdf5
17,1256816640,https://www.gw-openscience.org/archive/data/O3b_4KHZ_R1/1256194048/H-H1_GWOSC_O3b_4KHZ_R1-1256816640-4096.hdf5,https://www.gw-openscience.org/archive/data/O3b_4KHZ_R1/1256194048/L-L1_GWOSC_O3b_4KHZ_R1-1256816640-4096.hdf5
18,1256828928,https://www.gw-openscience.org/archive/data/O3b_4KHZ_R1/1256194048/H-H1_GWOSC_O3b_4KHZ_R1-1256828928-4096.hdf5,https://www.gw-openscience.org/archive/data/O3b_4KHZ_R1/1256194048/L-L1_GWOSC_O3b_4KHZ_R1-1256828928-4096.hdf5
19,1256878080,https://www.gw-openscience.org/archive/data/O3b_4KHZ_R1/1256194048/H-H1_GWOSC_O3b_4KHZ_R1-1256878080-4096.hdf5,https://www.gw-openscience.org/archive/data/O3b_4KHZ_R1/1256194048/L-L1_GWOSC_O3b_4KHZ_R1-1256878080-4096.hdf5
20,1256882176,https://www.gw-openscience.org/archive/data/O3b_4KHZ_R1/1256194048/H-H1_GWOSC_O3b_4KHZ_R1-1256882176-4096.hdf5,https://www.gw-openscience.org/archive/data/O3b_4KHZ_R1/1256194048/L-L1_GWOSC_O3b_4KHZ_R1-1256882176-4096.hdf5
21,1256894464,https://www.gw-openscience.org/archive/data/O3b_4KHZ_R1/1256194048/H-H1_GWOSC_O3b_4KHZ_R1-1256894464-4096.hdf5,https://www.gw-openscience.org/archive/data/O3b_4KHZ_R1/1256194048/L-L1_GWOSC_O3b_4KHZ_R1-1256894464-4096.hdf5
22,1256898560,https://www.gw-openscience.org/archive/data/O3b_4KHZ_R1/1256194048/H-H1_GWOSC_O3b_4KHZ_R1-1256898560-4096.hdf5,https://www.gw-openscience.org/archive/data/O3b_4KHZ_R1/1256194048/L-L1_GWOSC_O3b_4KHZ_R1-1256898560-4096.hdf5
23,1256984576,https://www.gw-openscience.org/archive/data/O3b_4KHZ_R1/1256194048/H-H1_GWOSC_O3b_4KHZ_R1-1256984576-4096.hdf5,https://www.gw-openscience.org/archive/data/O3b_4KHZ_R1/1256194048/L-L1_GWOSC_O3b_4KHZ_R1-1256984576-4096.hdf5
24,1256988672,https://www.gw-openscience.org/archive/data/O3b_4KHZ_R1/1256194048/H-H1_GWOSC_O3b_4KHZ_R1-1256988672-4096.hdf5,https://www.gw-openscience.org/archive/data/O3b_4KHZ_R1/1256194048/L-L1_GWOSC_O3b_4KHZ_R1-1256988672-4096.hdf5
25,1256992768,https://www.gw-openscience.org/archive/data/O3b_4KHZ_R1/1256194048/H-H1_GWOSC_O3b_4KHZ_R1-1256992768-4096.hdf5,https://www.gw-openscience.org/archive/data/O3b_4KHZ_R1/1256194048/L-L1_GWOSC_O3b_4KHZ_R1-1256992768-4096.hdf5
26,1256996864,https://www.gw-openscience.org/archive/data/O3b_4KHZ_R1/1256194048/H-H1_GWOSC_O3b_4KHZ_R1-1256996864-4096.hdf5,https://www.gw-openscience.org/archive/data/O3b_4KHZ_R1/1256194048/L-L1_GWOSC_O3b_4KHZ_R1-1256996864-4096.hdf5
27,1257029632,https://www.gw-openscience.org/archive/data/O3b_4KHZ_R1/1256194048/H-H1_GWOSC_O3b_4KHZ_R1-1257029632-4096.hdf5,https://www.gw-openscience.org/archive/data/O3b_4KHZ_R1/1256194048/L-L1_GWOSC_O3b_4KHZ_R1-1257029632-4096.hdf5
28,1257033728,https://www.gw-openscience.org/archive/data/O3b_4KHZ_R1/1256194048/H-H1_GWOSC_O3b_4KHZ_R1-1257033728-4096.hdf5,https://www.gw-openscience.org/archive/data/O3b_4KHZ_R1/1256194048/L-L1_GWOSC_O3b_4KHZ_R1-1257033728-4096.hdf5
29,1257037824,https://www.gw-openscience.org/archive/data/O3b_4KHZ_R1/1256194048/H-H1_GWOSC_O3b_4KHZ_R1-1257037824-4096.hdf5,https://www.gw-openscience.org/archive/data/O3b_4KHZ_R1/1256194048/L-L1_GWOSC_O3b_4KHZ_R1-1257037824-4096.hdf5
30,1257041920,https://www.gw-openscience.org/archive/data/O3b_4KHZ_R1/1256194048/H-H1_GWOSC_O3b_4KHZ_R1-1257041920-4096.hdf5,https://www.gw-openscience.org/archive/data/O3b_4KHZ_R1/1256194048/L-L1_GWOSC_O3b_4KHZ_R1-1257041920-4096.hdf5
31,1257046016,https://www.gw-openscience.org/archive/data/O3b_4KHZ_R1/1256194048/H-H1_GWOSC_O3b_4KHZ_R1-1257046016-4096.hdf5,https://www.gw-openscience.org/archive/data/O3b_4KHZ_R1/1256194048/L-L1_GWOSC_O3b_4KHZ_R1-1257046016-4096.hdf5
32,1257050112,https://www.gw-openscience.org/archive/data/O3b_4KHZ_R1/1256194048/H-H1_GWOSC_O3b_4KHZ_R1-1257050112-4096.hdf5,https://www.gw-openscience.org/archive/data/O3b_4KHZ_R1/1256194048/L-L1_GWOSC_O3b_4KHZ_R1-1257050112-4096.hdf5
33,1257054208,https://www.gw-openscience.org/archive/data/O3b_4KHZ_R1/1256194048/H-H1_GWOSC_O3b_4KHZ_R1-1257054208-4096.hdf5,https://www.gw-openscience.org/archive/data/O3b_4KHZ_R1/1256194048/L-L1_GWOSC_O3b_4KHZ_R1-1257054208-4096.hdf5
34,1257058304,https://www.gw-openscience.org/archive/data/O3b_4KHZ_R1/1256194048/H-H1_GWOSC_O3b_4KHZ_R1-1257058304-4096.hdf5,https://www.gw-openscience.org/archive/data/O3b_4KHZ_R1/1256194048/L-L1_GWOSC_O3b_4KHZ_R1-1257058304-4096.hdf5
35,1257062400,https://www.gw-openscience.org/archive/data/O3b_4KHZ_R1/1256194048/H-H1_GWOSC_O3b_4KHZ_R1-1257062400-4096.hdf5,https://www.gw-openscience.org/archive/data/O3b_4KHZ_R1/1256194048/L-L1_GWOSC_O3b_4KHZ_R1-1257062400-4096.hdf5
36,1257066496,https://www.gw-openscience.org/archive/data/O3b_4KHZ_R1/1256194048/H-H1_GWOSC_O3b_4KHZ_R1-1257066496-4096.hdf5,https://www.gw-openscience.org/archive/data/O3b_4KHZ_R1/1256194048/L-L1_GWOSC_O3b_4KHZ_R1-1257066496-4096.hdf5
37,1257086976,https://www.gw-openscience.org/archive/data/O3b_4KHZ_R1/1256194048/H-H1_GWOSC_O3b_4KHZ_R1-1257086976-4096.hdf5,https://www.gw-openscience.org/archive/data/O3b_4KHZ_R1/1256194048/L-L1_GWOSC_O3b_4KHZ_R1-1257086976-4096.hdf5
38,1257091072,https://www.gw-openscience.org/archive/data/O3b_4KHZ_R1/1256194048/H-H1_GWOSC_O3b_4KHZ_R1-1257091072-4096.hdf5,https://www.gw-openscience.org/archive/data/O3b_4KHZ_R1/1256194048/L-L1_GWOSC_O3b_4KHZ_R1-1257091072-4096.hdf5
39,1257095168,https://www.gw-openscience.org/archive/data/O3b_4KHZ_R1/1256194048/H-H1_GWOSC_O3b_4KHZ_R1-1257095168-4096.hdf5,https://www.gw-openscience.org/archive/data/O3b_4KHZ_R1/1256194048/L-L1_GWOSC_O3b_4KHZ_R1-1257095168-4096.hdf5
40,1257099264,https://www.gw-openscience.org/archive/data/O3b_4KHZ_R1/1256194048/H-H1_GWOSC_O3b_4KHZ_R1-1257099264-4096.hdf5,https://www.gw-openscience.org/archive/data/O3b_4KHZ_R1/1256194048/L-L1_GWOSC_O3b_4KHZ_R1-1257099264-4096.hdf5
41,1257103360,https://www.gw-openscience.org/archive/data/O3b_4KHZ_R1/1256194048/H-H1_GWOSC_O3b_4KHZ_R1-1257103360-4096.hdf5,https://www.gw-openscience.org/archive/data/O3b_4KHZ_R1/1256194048/L-L1_GWOSC_O3b_4KHZ_R1-1257103360-4096.hdf5
42,1257127936,https://www.gw-openscience.org/archive/data/O3b_4KHZ_R1/1256194048/H-H1_GWOSC_O3b_4KHZ_R1-1257127936-4096.hdf5,https://www.gw-openscience.org/archive/data/O3b_4KHZ_R1/1256194048/L-L1_GWOSC_O3b_4KHZ_R1-1257127936-4096.hdf5
43,1257132032,https://www.gw-openscience.org/archive/data/O3b_4KHZ_R1/1256194048/H-H1_GWOSC_O3b_4KHZ_R1-1257132032-4096.hdf5,https://www.gw-openscience.org/archive/data/O3b_4KHZ_R1/1256194048/L-L1_GWOSC_O3b_4KHZ_R1-1257132032-4096.hdf5
44,1257136128,https://www.gw-openscience.org/archive/data/O3b_4KHZ_R1/1256194048/H-H1_GWOSC_O3b_4KHZ_R1-1257136128-4096.hdf5,https://www.gw-openscience.org/archive/data/O3b_4KHZ_R1/1256194048/L-L1_GWOSC_O3b_4KHZ_R1-1257136128-4096.hdf5
45,1257140224,https://www.gw-openscience.org/archive/data/O3b_4KHZ_R1/1256194048/H-H1_GWOSC_O3b_4KHZ_R1-1257140224-4096.hdf5,https://www.gw-openscience.org/archive/data/O3b_4KHZ_R1/1256194048/L-L1_GWOSC_O3b_4KHZ_R1-1257140224-4096.hdf5
46,1257144320,https://www.gw-openscience.org/archive/data/O3b_4KHZ_R1/1256194048/H-H1_GWOSC_O3b_4KHZ_R1-1257144320-4096.hdf5,https://www.gw-openscience.org/archive/data/O3b_4KHZ_R1/1256194048/L-L1_GWOSC_O3b_4KHZ_R1-1257144320-4096.hdf5
47,1257152512,https://www.gw-openscience.org/archive/data/O3b_4KHZ_R1/1256194048/H-H1_GWOSC_O3b_4KHZ_R1-1257152512-4096.hdf5,https://www.gw-openscience.org/archive/data/O3b_4KHZ_R1/1256194048/L-L1_GWOSC_O3b_4KHZ_R1-1257152512-4096.hdf5
48,1257160704,https://www.gw-openscience.org/archive/data/O3b_4KHZ_R1/1256194048/H-H1_GWOSC_O3b_4KHZ_R1-1257160704-4096.hdf5,https://www.gw-openscience.org/archive/data/O3b_4KHZ_R1/1256194048/L-L1_GWOSC_O3b_4KHZ_R1-1257160704-4096.hdf5
49,1257164800,https://www.gw-openscience.org/archive/data/O3b_4KHZ_R1/1256194048/H-H1_GWOSC_O3b_4KHZ_R1-1257164800-4096.hdf5,https://www.gw-openscience.org/archive/data/O3b_4KHZ_R1/1256194048/L-L1_GWOSC_O3b_4KHZ_R1-1257164800-4096.hdf5
50,1257172992,https://www.gw-openscience.org/archive/data/O3b_4KHZ_R1/1256194048/H-H1_GWOSC_O3b_4KHZ_R1-1257172992-4096.hdf5,https://www.gw-openscience.org/archive/data/O3b_4KHZ_R1/1256194048/L-L1_GWOSC_O3b_4KHZ_R1-1257172992-4096.hdf5
51,1257226240,https://www.gw-openscience.org/archive/data/O3b_4KHZ_R1/1256194048/H-H1_GWOSC_O3b_4KHZ_R1-1257226240-4096.hdf5,https://www.gw-openscience.org/archive/data/O3b_4KHZ_R1/1256194048/L-L1_GWOSC_O3b_4KHZ_R1-1257226240-4096.hdf5
52,1257259008,https://www.gw-openscience.org/archive/data/O3b_4KHZ_R1/1257242624/H-H1_GWOSC_O3b_4KHZ_R1-1257259008-4096.hdf5,https://www.gw-openscience.org/archive/data/O3b_4KHZ_R1/1257242624/L-L1_GWOSC_O3b_4KHZ_R1-1257259008-4096.hdf5
53,1257263104,https://www.gw-openscience.org/archive/data/O3b_4KHZ_R1/1257242624/H-H1_GWOSC_O3b_4KHZ_R1-1257263104-4096.hdf5,https://www.gw-openscience.org/archive/data/O3b_4KHZ_R1/1257242624/L-L1_GWOSC_O3b_4KHZ_R1-1257263104-4096.hdf5
54,1257267200,https://www.gw-openscience.org/archive/data/O3b_4KHZ_R1/1257242624/H-H1_GWOSC_O3b_4KHZ_R1-1257267200-4096.hdf5,https://www.gw-openscience.org/archive/data/O3b_4KHZ_R1/1257242624/L-L1_GWOSC_O3b_4KHZ_R1-1257267200-4096.hdf5
55,1257275392,https://www.gw-openscience.org/archive/data/O3b_4KHZ_R1/1257242624/H-H1_GWOSC_O3b_4KHZ_R1-1257275392-4096.hdf5,https://www.gw-openscience.org/archive/data/O3b_4KHZ_R1/1257242624/L-L1_GWOSC_O3b_4KHZ_R1-1257275392-4096.hdf5
56,1257279488,https://www.gw-openscience.org/archive/data/O3b_4KHZ_R1/1257242624/H-H1_GWOSC_O3b_4KHZ_R1-1257279488-4096.hdf5,https://www.gw-openscience.org/archive/data/O3b_4KHZ_R1/1257242624/L-L1_GWOSC_O3b_4KHZ_R1-1257279488-4096.hdf5
57,1257283584,https://www.gw-openscience.org/archive/data/O3b_4KHZ_R1/1257242624/H-H1_GWOSC_O3b_4KHZ_R1-1257283584-4096.hdf5,https://www.gw-openscience.org/archive/data/O3b_4KHZ_R1/1257242624/L-L1_GWOSC_O3b_4KHZ_R1-1257283584-4096.hdf5
58,1257308160,https://www.gw-openscience.org/archive/data/O3b_4KHZ_R1/1257242624/H-H1_GWOSC_O3b_4KHZ_R1-1257308160-4096.hdf5,https://www.gw-openscience.org/archive/data/O3b_4KHZ_R1/1257242624/L-L1_GWOSC_O3b_4KHZ_R1-1257308160-4096.hdf5
59,1257312256,https://www.gw-openscience.org/archive/data/O3b_4KHZ_R1/1257242624/H-H1_GWOSC_O3b_4KHZ_R1-1257312256-4096.hdf5,https://www.gw-openscience.org/archive/data/O3b_4KHZ_R1/1257242624/L-L1_GWOSC_O3b_4KHZ_R1-1257312256-4096.hdf5
60,1257316352,https://www.gw-openscience.org/archive/data/O3b_4KHZ_R1/1257242624/H-H1_GWOSC_O3b_4KHZ_R1-1257316352-4096.hdf5,https://www.gw-openscience.org/archive/data/O3b_4KHZ_R1/1257242624/L-L1_GWOSC_O3b_4KHZ_R1-1257316352-4096.hdf5
61,1257361408,https://www.gw-openscience.org/archive/data/O3b_4KHZ_R1/1257242624/H-H1_GWOSC_O3b_4KHZ_R1-1257361408-4096.hdf5,https://www.gw-openscience.org/archive/data/O3b_4KHZ_R1/1257242624/L-L1_GWOSC_O3b_4KHZ_R1-1257361408-4096.hdf5
62,1257365504,https://www.gw-openscience.org/archive/data/O3b_4KHZ_R1/1257242624/H-H1_GWOSC_O3b_4KHZ_R1-1257365504-4096.hdf5,https://www.gw-openscience.org/archive/data/O3b_4KHZ_R1/1257242624/L-L1_GWOSC_O3b_4KHZ_R1-1257365504-4096.hdf5
63,1257369600,https://www.gw-openscience.org/archive/data/O3b_4KHZ_R1/1257242624/H-H1_GWOSC_O3b_4KHZ_R1-1257369600-4096.hdf5,https://www.gw-openscience.org/archive/data/O3b_4KHZ_R1/1257242624/L-L1_GWOSC_O3b_4KHZ_R1-1257369600-4096.hdf5
64,1257373696,https://www.gw-openscience.org/archive/data/O3b_4KHZ_R1/1257242624/H-H1_GWOSC_O3b_4KHZ_R1-1257373696-4096.hdf5,https://www.gw-openscience.org/archive/data/O3b_4KHZ_R1/1257242624/L-L1_GWOSC_O3b_4KHZ_R1-1257373696-4096.hdf5
65,1257398272,https://www.gw-openscience.org/archive/data/O3b_4KHZ_R1/1257242624/H-H1_GWOSC_O3b_4KHZ_R1-1257398272-4096.hdf5,https://www.gw-openscience.org/archive/data/O3b_4KHZ_R1/1257242624/L-L1_GWOSC_O3b_4KHZ_R1-1257398272-4096.hdf5
66,1257422848,https://www.gw-openscience.org/archive/data/O3b_4KHZ_R1/1257242624/H-H1_GWOSC_O3b_4KHZ_R1-1257422848-4096.hdf5,https://www.gw-openscience.org/archive/data/O3b_4KHZ_R1/1257242624/L-L1_GWOSC_O3b_4KHZ_R1-1257422848-4096.hdf5
67,1257426944,https://www.gw-openscience.org/archive/data/O3b_4KHZ_R1/1257242624/H-H1_GWOSC_O3b_4KHZ_R1-1257426944-4096.hdf5,https://www.gw-openscience.org/archive/data/O3b_4KHZ_R1/1257242624/L-L1_GWOSC_O3b_4KHZ_R1-1257426944-4096.hdf5
68,1257431040,https://www.gw-openscience.org/archive/data/O3b_4KHZ_R1/1257242624/H-H1_GWOSC_O3b_4KHZ_R1-1257431040-4096.hdf5,https://www.gw-openscience.org/archive/data/O3b_4KHZ_R1/1257242624/L-L1_GWOSC_O3b_4KHZ_R1-1257431040-4096.hdf5
69,1257435136,https://www.gw-openscience.org/archive/data/O3b_4KHZ_R1/1257242624/H-H1_GWOSC_O3b_4KHZ_R1-1257435136-4096.hdf5,https://www.gw-openscience.org/archive/data/O3b_4KHZ_R1/1257242624/L-L1_GWOSC_O3b_4KHZ_R1-1257435136-4096.hdf5
70,1257439232,https://www.gw-openscience.org/archive/data/O3b_4KHZ_R1/1257242624/H-H1_GWOSC_O3b_4KHZ_R1-1257439232-4096.hdf5,https://www.gw-openscience.org/archive/data/O3b_4KHZ_R1/1257242624/L-L1_GWOSC_O3b_4KHZ_R1-1257439232-4096.hdf5
71,1257443328,https://www.gw-openscience.org/archive/data/O3b_4KHZ_R1/1257242624/H-H1_GWOSC_O3b_4KHZ_R1-1257443328-4096.hdf5,https://www.gw-openscience.org/archive/data/O3b_4KHZ_R1/1257242624/L-L1_GWOSC_O3b_4KHZ_R1-1257443328-4096.hdf5
72,1257455616,https://www.gw-openscience.org/archive/data/O3b_4KHZ_R1/1257242624/H-H1_GWOSC_O3b_4KHZ_R1-1257455616-4096.hdf5,https://www.gw-openscience.org/archive/data/O3b_4KHZ_R1/1257242624/L-L1_GWOSC_O3b_4KHZ_R1-1257455616-4096.hdf5
73,1257459712,https://www.gw-openscience.org/archive/data/O3b_4KHZ_R1/1257242624/H-H1_GWOSC_O3b_4KHZ_R1-1257459712-4096.hdf5,https://www.gw-openscience.org/archive/data/O3b_4KHZ_R1/1257242624/L-L1_GWOSC_O3b_4KHZ_R1-1257459712-4096.hdf5
74,1257467904,https://www.gw-openscience.org/archive/data/O3b_4KHZ_R1/1257242624/H-H1_GWOSC_O3b_4KHZ_R1-1257467904-4096.hdf5,https://www.gw-openscience.org/archive/data/O3b_4KHZ_R1/1257242624/L-L1_GWOSC_O3b_4KHZ_R1-1257467904-4096.hdf5
75,1257472000,https://www.gw-openscience.org/archive/data/O3b_4KHZ_R1/1257242624/H-H1_GWOSC_O3b_4KHZ_R1-1257472000-4096.hdf5,https://www.gw-openscience.org/archive/data/O3b_4KHZ_R1/1257242624/L-L1_GWOSC_O3b_4KHZ_R1-1257472000-4096.hdf5
76,1257476096,https://www.gw-openscience.org/archive/data/O3b_4KHZ_R1/1257242624/H-H1_GWOSC_O3b_4KHZ_R1-1257476096-4096.hdf5,https://www.gw-openscience.org/archive/data/O3b_4KHZ_R1/1257242624/L-L1_GWOSC_O3b_4KHZ_R1-1257476096-4096.hdf5
77,1257480192,https://www.gw-openscience.org/archive/data/O3b_4KHZ_R1/1257242624/H-H1_GWOSC_O3b_4KHZ_R1-1257480192-4096.hdf5,https://www.gw-openscience.org/archive/data/O3b_4KHZ_R1/1257242624/L-L1_GWOSC_O3b_4KHZ_R1-1257480192-4096.hdf5
78,1257484288,https://www.gw-openscience.org/archive/data/O3b_4KHZ_R1/1257242624/H-H1_GWOSC_O3b_4KHZ_R1-1257484288-4096.hdf5,https://www.gw-openscience.org/archive/data/O3b_4KHZ_R1/1257242624/L-L1_GWOSC_O3b_4KHZ_R1-1257484288-4096.hdf5
79,1257488384,https://www.gw-openscience.org/archive/data/O3b_4KHZ_R1/1257242624/H-H1_GWOSC_O3b_4KHZ_R1-1257488384-4096.hdf5,https://www.gw-openscience.org/archive/data/O3b_4KHZ_R1/1257242624/L-L1_GWOSC_O3b_4KHZ_R1-1257488384-4096.hdf5
80,1257492480,https://www.gw-openscience.org/archive/data/O3b_4KHZ_R1/1257242624/H-H1_GWOSC_O3b_4KHZ_R1-1257492480-4096.hdf5,https://www.gw-openscience.org/archive/data/O3b_4KHZ_R1/1257242624/L-L1_GWOSC_O3b_4KHZ_R1-1257492480-4096.hdf5
81,1257533440,https://www.gw-openscience.org/archive/data/O3b_4KHZ_R1/1257242624/H-H1_GWOSC_O3b_4KHZ_R1-1257533440-4096.hdf5,https://www.gw-openscience.org/archive/data/O3b_4KHZ_R1/1257242624/L-L1_GWOSC_O3b_4KHZ_R1-1257533440-4096.hdf5
82,1257537536,https://www.gw-openscience.org/archive/data/O3b_4KHZ_R1/1257242624/H-H1_GWOSC_O3b_4KHZ_R1-1257537536-4096.hdf5,https://www.gw-openscience.org/archive/data/O3b_4KHZ_R1/1257242624/L-L1_GWOSC_O3b_4KHZ_R1-1257537536-4096.hdf5
83,1257562112,https://www.gw-openscience.org/archive/data/O3b_4KHZ_R1/1257242624/H-H1_GWOSC_O3b_4KHZ_R1-1257562112-4096.hdf5,https://www.gw-openscience.org/archive/data/O3b_4KHZ_R1/1257242624/L-L1_GWOSC_O3b_4KHZ_R1-1257562112-4096.hdf5
84,1257566208,https://www.gw-openscience.org/archive/data/O3b_4KHZ_R1/1257242624/H-H1_GWOSC_O3b_4KHZ_R1-1257566208-4096.hdf5,https://www.gw-openscience.org/archive/data/O3b_4KHZ_R1/1257242624/L-L1_GWOSC_O3b_4KHZ_R1-1257566208-4096.hdf5
85,1257644032,https://www.gw-openscience.org/archive/data/O3b_4KHZ_R1/1257242624/H-H1_GWOSC_O3b_4KHZ_R1-1257644032-4096.hdf5,https://www.gw-openscience.org/archive/data/O3b_4KHZ_R1/1257242624/L-L1_GWOSC_O3b_4KHZ_R1-1257644032-4096.hdf5
86,1257648128,https://www.gw-openscience.org/archive/data/O3b_4KHZ_R1/1257242624/H-H1_GWOSC_O3b_4KHZ_R1-1257648128-4096.hdf5,https://www.gw-openscience.org/archive/data/O3b_4KHZ_R1/1257242624/L-L1_GWOSC_O3b_4KHZ_R1-1257648128-4096.hdf5
87,1257652224,https://www.gw-openscience.org/archive/data/O3b_4KHZ_R1/1257242624/H-H1_GWOSC_O3b_4KHZ_R1-1257652224-4096.hdf5,https://www.gw-openscience.org/archive/data/O3b_4KHZ_R1/1257242624/L-L1_GWOSC_O3b_4KHZ_R1-1257652224-4096.hdf5
88,1257660416,https://www.gw-openscience.org/archive/data/O3b_4KHZ_R1/1257242624/H-H1_GWOSC_O3b_4KHZ_R1-1257660416-4096.hdf5,https://www.gw-openscience.org/archive/data/O3b_4KHZ_R1/1257242624/L-L1_GWOSC_O3b_4KHZ_R1-1257660416-4096.hdf5
89,1257664512,https://www.gw-openscience.org/archive/data/O3b_4KHZ_R1/1257242624/H-H1_GWOSC_O3b_4KHZ_R1-1257664512-4096.hdf5,https://www.gw-openscience.org/archive/data/O3b_4KHZ_R1/1257242624/L-L1_GWOSC_O3b_4KHZ_R1-1257664512-4096.hdf5
90,1257668608,https://www.gw-openscience.org/archive/data/O3b_4KHZ_R1/1257242624/H-H1_GWOSC_O3b_4KHZ_R1-1257668608-4096.hdf5,https://www.gw-openscience.org/archive/data/O3b_4KHZ_R1/1257242624/L-L1_GWOSC_O3b_4KHZ_R1-1257668608-4096.hdf5
91,1257672704,https://www.gw-openscience.org/archive/data/O3b_4KHZ_R1/1257242624/H-H1_GWOSC_O3b_4KHZ_R1-1257672704-4096.hdf5,https://www.gw-openscience.org/archive/data/O3b_4KHZ_R1/1257242624/L-L1_GWOSC_O3b_4KHZ_R1-1257672704-4096.hdf5
92,1257676800,https://www.gw-openscience.org/archive/data/O3b_4KHZ_R1/1257242624/H-H1_GWOSC_O3b_4KHZ_R1-1257676800-4096.hdf5,https://www.gw-openscience.org/archive/data/O3b_4KHZ_R1/1257242624/L-L1_GWOSC_O3b_4KHZ_R1-1257676800-4096.hdf5
93,1257680896,https://www.gw-openscience.org/archive/data/O3b_4KHZ_R1/1257242624/H-H1_GWOSC_O3b_4KHZ_R1-1257680896-4096.hdf5,https://www.gw-openscience.org/archive/data/O3b_4KHZ_R1/1257242624/L-L1_GWOSC_O3b_4KHZ_R1-1257680896-4096.hdf5
94,1257742336,https://www.gw-openscience.org/archive/data/O3b_4KHZ_R1/1257242624/H-H1_GWOSC_O3b_4KHZ_R1-1257742336-4096.hdf5,https://www.gw-openscience.org/archive/data/O3b_4KHZ_R1/1257242624/L-L1_GWOSC_O3b_4KHZ_R1-1257742336-4096.hdf5
95,1257746432,https://www.gw-openscience.org/archive/data/O3b_4KHZ_R1/1257242624/H-H1_GWOSC_O3b_4KHZ_R1-1257746432-4096.hdf5,https://www.gw-openscience.org/archive/data/O3b_4KHZ_R1/1257242624/L-L1_GWOSC_O3b_4KHZ_R1-1257746432-4096.hdf5
96,1257750528,https://www.gw-openscience.org/archive/data/O3b_4KHZ_R1/1257242624/H-H1_GWOSC_O3b_4KHZ_R1-1257750528-4096.hdf5,https://www.gw-openscience.org/archive/data/O3b_4KHZ_R1/1257242624/L-L1_GWOSC_O3b_4KHZ_R1-1257750528-4096.hdf5
97,1257762816,https://www.gw-openscience.org/archive/data/O3b_4KHZ_R1/1257242624/H-H1_GWOSC_O3b_4KHZ_R1-1257762816-4096.hdf5,https://www.gw-openscience.org/archive/data/O3b_4KHZ_R1/1257242624/L-L1_GWOSC_O3b_4KHZ_R1-1257762816-4096.hdf5
98,1257766912,https://www.gw-openscience.org/archive/data/O3b_4KHZ_R1/1257242624/H-H1_GWOSC_O3b_4KHZ_R1-1257766912-4096.hdf5,https://www.gw-openscience.org/archive/data/O3b_4KHZ_R1/1257242624/L-L1_GWOSC_O3b_4KHZ_R1-1257766912-4096.hdf5
99,1257771008,https://www.gw-openscience.org/archive/data/O3b_4KHZ_R1/1257242624/H-H1_GWOSC_O3b_4KHZ_R1-1257771008-4096.hdf5,https://www.gw-openscience.org/archive/data/O3b_4KHZ_R1/1257242624/L-L1_GWOSC_O3b_4KHZ_R1-1257771008-4096.hdf5
100,1257775104,https://www.gw-openscience.org/archive/data/O3b_4KHZ_R1/1257242624/H-H1_GWOSC_O3b_4KHZ_R1-1257775104-4096.hdf5,https://www.gw-openscience.org/archive/data/O3b_4KHZ_R1/1257242624/L-L1_GWOSC_O3b_4KHZ_R1-1257775104-4096.hdf5
101,1257779200,https://www.gw-openscience.org/archive/data/O3b_4KHZ_R1/1257242624/H-H1_GWOSC_O3b_4KHZ_R1-1257779200-4096.hdf5,https://www.gw-openscience.org/archive/data/O3b_4KHZ_R1/1257242624/L-L1_GWOSC_O3b_4KHZ_R1-1257779200-4096.hdf5
102,1257820160,https://www.gw-openscience.org/archive/data/O3b_4KHZ_R1/1257242624/H-H1_GWOSC_O3b_4KHZ_R1-1257820160-4096.hdf5,https://www.gw-openscience.org/archive/data/O3b_4KHZ_R1/1257242624/L-L1_GWOSC_O3b_4KHZ_R1-1257820160-4096.hdf5
103,1257824256,https://www.gw-openscience.org/archive/data/O3b_4KHZ_R1/1257242624/H-H1_GWOSC_O3b_4KHZ_R1-1257824256-4096.hdf5,https://www.gw-openscience.org/archive/data/O3b_4KHZ_R1/1257242624/L-L1_GWOSC_O3b_4KHZ_R1-1257824256-4096.hdf5
104,1257840640,https://www.gw-openscience.org/archive/data/O3b_4KHZ_R1/1257242624/H-H1_GWOSC_O3b_4KHZ_R1-1257840640-4096.hdf5,https://www.gw-openscience.org/archive/data/O3b_4KHZ_R1/1257242624/L-L1_GWOSC_O3b_4KHZ_R1-1257840640-4096.hdf5
105,1257844736,https://www.gw-openscience.org/archive/data/O3b_4KHZ_R1/1257242624/H-H1_GWOSC_O3b_4KHZ_R1-1257844736-4096.hdf5,https://www.gw-openscience.org/archive/data/O3b_4KHZ_R1/1257242624/L-L1_GWOSC_O3b_4KHZ_R1-1257844736-4096.hdf5
106,1257848832,https://www.gw-openscience.org/archive/data/O3b_4KHZ_R1/1257242624/H-H1_GWOSC_O3b_4KHZ_R1-1257848832-4096.hdf5,https://www.gw-openscience.org/archive/data/O3b_4KHZ_R1/1257242624/L-L1_GWOSC_O3b_4KHZ_R1-1257848832-4096.hdf5
107,1257852928,https://www.gw-openscience.org/archive/data/O3b_4KHZ_R1/1257242624/H-H1_GWOSC_O3b_4KHZ_R1-1257852928-4096.hdf5,https://www.gw-openscience.org/archive/data/O3b_4KHZ_R1/1257242624/L-L1_GWOSC_O3b_4KHZ_R1-1257852928-4096.hdf5
108,1257857024,https://www.gw-openscience.org/archive/data/O3b_4KHZ_R1/1257242624/H-H1_GWOSC_O3b_4KHZ_R1-1257857024-4096.hdf5,https://www.gw-openscience.org/archive/data/O3b_4KHZ_R1/1257242624/L-L1_GWOSC_O3b_4KHZ_R1-1257857024-4096.hdf5
109,1257861120,https://www.gw-openscience.org/archive/data/O3b_4KHZ_R1/1257242624/H-H1_GWOSC_O3b_4KHZ_R1-1257861120-4096.hdf5,https://www.gw-openscience.org/archive/data/O3b_4KHZ_R1/1257242624/L-L1_GWOSC_O3b_4KHZ_R1-1257861120-4096.hdf5
110,1257865216,https://www.gw-openscience.org/archive/data/O3b_4KHZ_R1/1257242624/H-H1_GWOSC_O3b_4KHZ_R1-1257865216-4096.hdf5,https://www.gw-openscience.org/archive/data/O3b_4KHZ_R1/1257242624/L-L1_GWOSC_O3b_4KHZ_R1-1257865216-4096.hdf5
111,1257902080,https://www.gw-openscience.org/archive/data/O3b_4KHZ_R1/1257242624/H-H1_GWOSC_O3b_4KHZ_R1-1257902080-4096.hdf5,https://www.gw-openscience.org/archive/data/O3b_4KHZ_R1/1257242624/L-L1_GWOSC_O3b_4KHZ_R1-1257902080-4096.hdf5
112,1257906176,https://www.gw-openscience.org/archive/data/O3b_4KHZ_R1/1257242624/H-H1_GWOSC_O3b_4KHZ_R1-1257906176-4096.hdf5,https://www.gw-openscience.org/archive/data/O3b_4KHZ_R1/1257242624/L-L1_GWOSC_O3b_4KHZ_R1-1257906176-4096.hdf5
113,1257910272,https://www.gw-openscience.org/archive/data/O3b_4KHZ_R1/1257242624/H-H1_GWOSC_O3b_4KHZ_R1-1257910272-4096.hdf5,https://www.gw-openscience.org/archive/data/O3b_4KHZ_R1/1257242624/L-L1_GWOSC_O3b_4KHZ_R1-1257910272-4096.hdf5
114,1257914368,https://www.gw-openscience.org/archive/data/O3b_4KHZ_R1/1257242624/H-H1_GWOSC_O3b_4KHZ_R1-1257914368-4096.hdf5,https://www.gw-openscience.org/archive/data/O3b_4KHZ_R1/1257242624/L-L1_GWOSC_O3b_4KHZ_R1-1257914368-4096.hdf5
115,1257918464,https://www.gw-openscience.org/archive/data/O3b_4KHZ_R1/1257242624/H-H1_GWOSC_O3b_4KHZ_R1-1257918464-4096.hdf5,https://www.gw-openscience.org/archive/data/O3b_4KHZ_R1/1257242624/L-L1_GWOSC_O3b_4KHZ_R1-1257918464-4096.hdf5
116,1257963520,https://www.gw-openscience.org/archive/data/O3b_4KHZ_R1/1257242624/H-H1_GWOSC_O3b_4KHZ_R1-1257963520-4096.hdf5,https://www.gw-openscience.org/archive/data/O3b_4KHZ_R1/1257242624/L-L1_GWOSC_O3b_4KHZ_R1-1257963520-4096.hdf5
117,1257979904,https://www.gw-openscience.org/archive/data/O3b_4KHZ_R1/1257242624/H-H1_GWOSC_O3b_4KHZ_R1-1257979904-4096.hdf5,https://www.gw-openscience.org/archive/data/O3b_4KHZ_R1/1257242624/L-L1_GWOSC_O3b_4KHZ_R1-1257979904-4096.hdf5
118,1257996288,https://www.gw-openscience.org/archive/data/O3b_4KHZ_R1/1257242624/H-H1_GWOSC_O3b_4KHZ_R1-1257996288-4096.hdf5,https://www.gw-openscience.org/archive/data/O3b_4KHZ_R1/1257242624/L-L1_GWOSC_O3b_4KHZ_R1-1257996288-4096.hdf5
119,1258000384,https://www.gw-openscience.org/archive/data/O3b_4KHZ_R1/1257242624/H-H1_GWOSC_O3b_4KHZ_R1-1258000384-4096.hdf5,https://www.gw-openscience.org/archive/data/O3b_4KHZ_R1/1257242624/L-L1_GWOSC_O3b_4KHZ_R1-1258000384-4096.hdf5
120,1258004480,https://www.gw-openscience.org/archive/data/O3b_4KHZ_R1/1257242624/H-H1_GWOSC_O3b_4KHZ_R1-1258004480-4096.hdf5,https://www.gw-openscience.org/archive/data/O3b_4KHZ_R1/1257242624/L-L1_GWOSC_O3b_4KHZ_R1-1258004480-4096.hdf5
121,1258008576,https://www.gw-openscience.org/archive/data/O3b_4KHZ_R1/1257242624/H-H1_GWOSC_O3b_4KHZ_R1-1258008576-4096.hdf5,https://www.gw-openscience.org/archive/data/O3b_4KHZ_R1/1257242624/L-L1_GWOSC_O3b_4KHZ_R1-1258008576-4096.hdf5
122,1258012672,https://www.gw-openscience.org/archive/data/O3b_4KHZ_R1/1257242624/H-H1_GWOSC_O3b_4KHZ_R1-1258012672-4096.hdf5,https://www.gw-openscience.org/archive/data/O3b_4KHZ_R1/1257242624/L-L1_GWOSC_O3b_4KHZ_R1-1258012672-4096.hdf5
123,1258016768,https://www.gw-openscience.org/archive/data/O3b_4KHZ_R1/1257242624/H-H1_GWOSC_O3b_4KHZ_R1-1258016768-4096.hdf5,https://www.gw-openscience.org/archive/data/O3b_4KHZ_R1/1257242624/L-L1_GWOSC_O3b_4KHZ_R1-1258016768-4096.hdf5
124,1258020864,https://www.gw-openscience.org/archive/data/O3b_4KHZ_R1/1257242624/H-H1_GWOSC_O3b_4KHZ_R1-1258020864-4096.hdf5,https://www.gw-openscience.org/archive/data/O3b_4KHZ_R1/1257242624/L-L1_GWOSC_O3b_4KHZ_R1-1258020864-4096.hdf5
125,1258024960,https://www.gw-openscience.org/archive/data/O3b_4KHZ_R1/1257242624/H-H1_GWOSC_O3b_4KHZ_R1-1258024960-4096.hdf5,https://www.gw-openscience.org/archive/data/O3b_4KHZ_R1/1257242624/L-L1_GWOSC_O3b_4KHZ_R1-1258024960-4096.hdf5
126,1258029056,https://www.gw-openscience.org/archive/data/O3b_4KHZ_R1/1257242624/H-H1_GWOSC_O3b_4KHZ_R1-1258029056-4096.hdf5,https://www.gw-openscience.org/archive/data/O3b_4KHZ_R1/1257242624/L-L1_GWOSC_O3b_4KHZ_R1-1258029056-4096.hdf5
127,1258053632,https://www.gw-openscience.org/archive/data/O3b_4KHZ_R1/1257242624/H-H1_GWOSC_O3b_4KHZ_R1-1258053632-4096.hdf5,https://www.gw-openscience.org/archive/data/O3b_4KHZ_R1/1257242624/L-L1_GWOSC_O3b_4KHZ_R1-1258053632-4096.hdf5
128,1258061824,https://www.gw-openscience.org/archive/data/O3b_4KHZ_R1/1257242624/H-H1_GWOSC_O3b_4KHZ_R1-1258061824-4096.hdf5,https://www.gw-openscience.org/archive/data/O3b_4KHZ_R1/1257242624/L-L1_GWOSC_O3b_4KHZ_R1-1258061824-4096.hdf5
129,1258070016,https://www.gw-openscience.org/archive/data/O3b_4KHZ_R1/1257242624/H-H1_GWOSC_O3b_4KHZ_R1-1258070016-4096.hdf5,https://www.gw-openscience.org/archive/data/O3b_4KHZ_R1/1257242624/L-L1_GWOSC_O3b_4KHZ_R1-1258070016-4096.hdf5
130,1258078208,https://www.gw-openscience.org/archive/data/O3b_4KHZ_R1/1257242624/H-H1_GWOSC_O3b_4KHZ_R1-1258078208-4096.hdf5,https://www.gw-openscience.org/archive/data/O3b_4KHZ_R1/1257242624/L-L1_GWOSC_O3b_4KHZ_R1-1258078208-4096.hdf5
131,1258082304,https://www.gw-openscience.org/archive/data/O3b_4KHZ_R1/1257242624/H-H1_GWOSC_O3b_4KHZ_R1-1258082304-4096.hdf5,https://www.gw-openscience.org/archive/data/O3b_4KHZ_R1/1257242624/L-L1_GWOSC_O3b_4KHZ_R1-1258082304-4096.hdf5
132,1258086400,https://www.gw-openscience.org/archive/data/O3b_4KHZ_R1/1257242624/H-H1_GWOSC_O3b_4KHZ_R1-1258086400-4096.hdf5,https://www.gw-openscience.org/archive/data/O3b_4KHZ_R1/1257242624/L-L1_GWOSC_O3b_4KHZ_R1-1258086400-4096.hdf5
133,1258090496,https://www.gw-openscience.org/archive/data/O3b_4KHZ_R1/1257242624/H-H1_GWOSC_O3b_4KHZ_R1-1258090496-4096.hdf5,https://www.gw-openscience.org/archive/data/O3b_4KHZ_R1/1257242624/L-L1_GWOSC_O3b_4KHZ_R1-1258090496-4096.hdf5
134,1258094592,https://www.gw-openscience.org/archive/data/O3b_4KHZ_R1/1257242624/H-H1_GWOSC_O3b_4KHZ_R1-1258094592-4096.hdf5,https://www.gw-openscience.org/archive/data/O3b_4KHZ_R1/1257242624/L-L1_GWOSC_O3b_4KHZ_R1-1258094592-4096.hdf5
135,1258098688,https://www.gw-openscience.org/archive/data/O3b_4KHZ_R1/1257242624/H-H1_GWOSC_O3b_4KHZ_R1-1258098688-4096.hdf5,https://www.gw-openscience.org/archive/data/O3b_4KHZ_R1/1257242624/L-L1_GWOSC_O3b_4KHZ_R1-1258098688-4096.hdf5
136,1258102784,https://www.gw-openscience.org/archive/data/O3b_4KHZ_R1/1257242624/H-H1_GWOSC_O3b_4KHZ_R1-1258102784-4096.hdf5,https://www.gw-openscience.org/archive/data/O3b_4KHZ_R1/1257242624/L-L1_GWOSC_O3b_4KHZ_R1-1258102784-4096.hdf5
137,1258115072,https://www.gw-openscience.org/archive/data/O3b_4KHZ_R1/1257242624/H-H1_GWOSC_O3b_4KHZ_R1-1258115072-4096.hdf5,https://www.gw-openscience.org/archive/data/O3b_4KHZ_R1/1257242624/L-L1_GWOSC_O3b_4KHZ_R1-1258115072-4096.hdf5
138,1258119168,https://www.gw-openscience.org/archive/data/O3b_4KHZ_R1/1257242624/H-H1_GWOSC_O3b_4KHZ_R1-1258119168-4096.hdf5,https://www.gw-openscience.org/archive/data/O3b_4KHZ_R1/1257242624/L-L1_GWOSC_O3b_4KHZ_R1-1258119168-4096.hdf5
139,1258123264,https://www.gw-openscience.org/archive/data/O3b_4KHZ_R1/1257242624/H-H1_GWOSC_O3b_4KHZ_R1-1258123264-4096.hdf5,https://www.gw-openscience.org/archive/data/O3b_4KHZ_R1/1257242624/L-L1_GWOSC_O3b_4KHZ_R1-1258123264-4096.hdf5
140,1258156032,https://www.gw-openscience.org/archive/data/O3b_4KHZ_R1/1257242624/H-H1_GWOSC_O3b_4KHZ_R1-1258156032-4096.hdf5,https://www.gw-openscience.org/archive/data/O3b_4KHZ_R1/1257242624/L-L1_GWOSC_O3b_4KHZ_R1-1258156032-4096.hdf5
141,1258164224,https://www.gw-openscience.org/archive/data/O3b_4KHZ_R1/1257242624/H-H1_GWOSC_O3b_4KHZ_R1-1258164224-4096.hdf5,https://www.gw-openscience.org/archive/data/O3b_4KHZ_R1/1257242624/L-L1_GWOSC_O3b_4KHZ_R1-1258164224-4096.hdf5
142,1258168320,https://www.gw-openscience.org/archive/data/O3b_4KHZ_R1/1257242624/H-H1_GWOSC_O3b_4KHZ_R1-1258168320-4096.hdf5,https://www.gw-openscience.org/archive/data/O3b_4KHZ_R1/1257242624/L-L1_GWOSC_O3b_4KHZ_R1-1258168320-4096.hdf5
143,1258172416,https://www.gw-openscience.org/archive/data/O3b_4KHZ_R1/1257242624/H-H1_GWOSC_O3b_4KHZ_R1-1258172416-4096.hdf5,https://www.gw-openscience.org/archive/data/O3b_4KHZ_R1/1257242624/L-L1_GWOSC_O3b_4KHZ_R1-1258172416-4096.hdf5
144,1258176512,https://www.gw-openscience.org/archive/data/O3b_4KHZ_R1/1257242624/H-H1_GWOSC_O3b_4KHZ_R1-1258176512-4096.hdf5,https://www.gw-openscience.org/archive/data/O3b_4KHZ_R1/1257242624/L-L1_GWOSC_O3b_4KHZ_R1-1258176512-4096.hdf5
145,1258180608,https://www.gw-openscience.org/archive/data/O3b_4KHZ_R1/1257242624/H-H1_GWOSC_O3b_4KHZ_R1-1258180608-4096.hdf5,https://www.gw-openscience.org/archive/data/O3b_4KHZ_R1/1257242624/L-L1_GWOSC_O3b_4KHZ_R1-1258180608-4096.hdf5
146,1258188800,https://www.gw-openscience.org/archive/data/O3b_4KHZ_R1/1257242624/H-H1_GWOSC_O3b_4KHZ_R1-1258188800-4096.hdf5,https://www.gw-openscience.org/archive/data/O3b_4KHZ_R1/1257242624/L-L1_GWOSC_O3b_4KHZ_R1-1258188800-4096.hdf5
147,1258192896,https://www.gw-openscience.org/archive/data/O3b_4KHZ_R1/1257242624/H-H1_GWOSC_O3b_4KHZ_R1-1258192896-4096.hdf5,https://www.gw-openscience.org/archive/data/O3b_4KHZ_R1/1257242624/L-L1_GWOSC_O3b_4KHZ_R1-1258192896-4096.hdf5
148,1258196992,https://www.gw-openscience.org/archive/data/O3b_4KHZ_R1/1257242624/H-H1_GWOSC_O3b_4KHZ_R1-1258196992-4096.hdf5,https://www.gw-openscience.org/archive/data/O3b_4KHZ_R1/1257242624/L-L1_GWOSC_O3b_4KHZ_R1-1258196992-4096.hdf5
149,1258201088,https://www.gw-openscience.org/archive/data/O3b_4KHZ_R1/1257242624/H-H1_GWOSC_O3b_4KHZ_R1-1258201088-4096.hdf5,https://www.gw-openscience.org/archive/data/O3b_4KHZ_R1/1257242624/L-L1_GWOSC_O3b_4KHZ_R1-1258201088-4096.hdf5
150,1258246144,https://www.gw-openscience.org/archive/data/O3b_4KHZ_R1/1257242624/H-H1_GWOSC_O3b_4KHZ_R1-1258246144-4096.hdf5,https://www.gw-openscience.org/archive/data/O3b_4KHZ_R1/1257242624/L-L1_GWOSC_O3b_4KHZ_R1-1258246144-4096.hdf5
151,1258250240,https://www.gw-openscience.org/archive/data/O3b_4KHZ_R1/1257242624/H-H1_GWOSC_O3b_4KHZ_R1-1258250240-4096.hdf5,https://www.gw-openscience.org/archive/data/O3b_4KHZ_R1/1257242624/L-L1_GWOSC_O3b_4KHZ_R1-1258250240-4096.hdf5
152,1258254336,https://www.gw-openscience.org/archive/data/O3b_4KHZ_R1/1257242624/H-H1_GWOSC_O3b_4KHZ_R1-1258254336-4096.hdf5,https://www.gw-openscience.org/archive/data/O3b_4KHZ_R1/1257242624/L-L1_GWOSC_O3b_4KHZ_R1-1258254336-4096.hdf5
153,1258278912,https://www.gw-openscience.org/archive/data/O3b_4KHZ_R1/1257242624/H-H1_GWOSC_O3b_4KHZ_R1-1258278912-4096.hdf5,https://www.gw-openscience.org/archive/data/O3b_4KHZ_R1/1257242624/L-L1_GWOSC_O3b_4KHZ_R1-1258278912-4096.hdf5
154,1258283008,https://www.gw-openscience.org/archive/data/O3b_4KHZ_R1/1257242624/H-H1_GWOSC_O3b_4KHZ_R1-1258283008-4096.hdf5,https://www.gw-openscience.org/archive/data/O3b_4KHZ_R1/1257242624/L-L1_GWOSC_O3b_4KHZ_R1-1258283008-4096.hdf5
155,1258291200,https://www.gw-openscience.org/archive/data/O3b_4KHZ_R1/1258291200/H-H1_GWOSC_O3b_4KHZ_R1-1258291200-4096.hdf5,https://www.gw-openscience.org/archive/data/O3b_4KHZ_R1/1258291200/L-L1_GWOSC_O3b_4KHZ_R1-1258291200-4096.hdf5
156,1258299392,https://www.gw-openscience.org/archive/data/O3b_4KHZ_R1/1258291200/H-H1_GWOSC_O3b_4KHZ_R1-1258299392-4096.hdf5,https://www.gw-openscience.org/archive/data/O3b_4KHZ_R1/1258291200/L-L1_GWOSC_O3b_4KHZ_R1-1258299392-4096.hdf5
157,1258303488,https://www.gw-openscience.org/archive/data/O3b_4KHZ_R1/1258291200/H-H1_GWOSC_O3b_4KHZ_R1-1258303488-4096.hdf5,https://www.gw-openscience.org/archive/data/O3b_4KHZ_R1/1258291200/L-L1_GWOSC_O3b_4KHZ_R1-1258303488-4096.hdf5
158,1258344448,https://www.gw-openscience.org/archive/data/O3b_4KHZ_R1/1258291200/H-H1_GWOSC_O3b_4KHZ_R1-1258344448-4096.hdf5,https://www.gw-openscience.org/archive/data/O3b_4KHZ_R1/1258291200/L-L1_GWOSC_O3b_4KHZ_R1-1258344448-4096.hdf5
159,1258348544,https://www.gw-openscience.org/archive/data/O3b_4KHZ_R1/1258291200/H-H1_GWOSC_O3b_4KHZ_R1-1258348544-4096.hdf5,https://www.gw-openscience.org/archive/data/O3b_4KHZ_R1/1258291200/L-L1_GWOSC_O3b_4KHZ_R1-1258348544-4096.hdf5
160,1258352640,https://www.gw-openscience.org/archive/data/O3b_4KHZ_R1/1258291200/H-H1_GWOSC_O3b_4KHZ_R1-1258352640-4096.hdf5,https://www.gw-openscience.org/archive/data/O3b_4KHZ_R1/1258291200/L-L1_GWOSC_O3b_4KHZ_R1-1258352640-4096.hdf5
161,1258356736,https://www.gw-openscience.org/archive/data/O3b_4KHZ_R1/1258291200/H-H1_GWOSC_O3b_4KHZ_R1-1258356736-4096.hdf5,https://www.gw-openscience.org/archive/data/O3b_4KHZ_R1/1258291200/L-L1_GWOSC_O3b_4KHZ_R1-1258356736-4096.hdf5
162,1258360832,https://www.gw-openscience.org/archive/data/O3b_4KHZ_R1/1258291200/H-H1_GWOSC_O3b_4KHZ_R1-1258360832-4096.hdf5,https://www.gw-openscience.org/archive/data/O3b_4KHZ_R1/1258291200/L-L1_GWOSC_O3b_4KHZ_R1-1258360832-4096.hdf5
163,1258364928,https://www.gw-openscience.org/archive/data/O3b_4KHZ_R1/1258291200/H-H1_GWOSC_O3b_4KHZ_R1-1258364928-4096.hdf5,https://www.gw-openscience.org/archive/data/O3b_4KHZ_R1/1258291200/L-L1_GWOSC_O3b_4KHZ_R1-1258364928-4096.hdf5
164,1258369024,https://www.gw-openscience.org/archive/data/O3b_4KHZ_R1/1258291200/H-H1_GWOSC_O3b_4KHZ_R1-1258369024-4096.hdf5,https://www.gw-openscience.org/archive/data/O3b_4KHZ_R1/1258291200/L-L1_GWOSC_O3b_4KHZ_R1-1258369024-4096.hdf5
165,1258373120,https://www.gw-openscience.org/archive/data/O3b_4KHZ_R1/1258291200/H-H1_GWOSC_O3b_4KHZ_R1-1258373120-4096.hdf5,https://www.gw-openscience.org/archive/data/O3b_4KHZ_R1/1258291200/L-L1_GWOSC_O3b_4KHZ_R1-1258373120-4096.hdf5
166,1258377216,https://www.gw-openscience.org/archive/data/O3b_4KHZ_R1/1258291200/H-H1_GWOSC_O3b_4KHZ_R1-1258377216-4096.hdf5,https://www.gw-openscience.org/archive/data/O3b_4KHZ_R1/1258291200/L-L1_GWOSC_O3b_4KHZ_R1-1258377216-4096.hdf5
167,1258381312,https://www.gw-openscience.org/archive/data/O3b_4KHZ_R1/1258291200/H-H1_GWOSC_O3b_4KHZ_R1-1258381312-4096.hdf5,https://www.gw-openscience.org/archive/data/O3b_4KHZ_R1/1258291200/L-L1_GWOSC_O3b_4KHZ_R1-1258381312-4096.hdf5
168,1258385408,https://www.gw-openscience.org/archive/data/O3b_4KHZ_R1/1258291200/H-H1_GWOSC_O3b_4KHZ_R1-1258385408-4096.hdf5,https://www.gw-openscience.org/archive/data/O3b_4KHZ_R1/1258291200/L-L1_GWOSC_O3b_4KHZ_R1-1258385408-4096.hdf5
169,1258389504,https://www.gw-openscience.org/archive/data/O3b_4KHZ_R1/1258291200/H-H1_GWOSC_O3b_4KHZ_R1-1258389504-4096.hdf5,https://www.gw-openscience.org/archive/data/O3b_4KHZ_R1/1258291200/L-L1_GWOSC_O3b_4KHZ_R1-1258389504-4096.hdf5
170,1258393600,https://www.gw-openscience.org/archive/data/O3b_4KHZ_R1/1258291200/H-H1_GWOSC_O3b_4KHZ_R1-1258393600-4096.hdf5,https://www.gw-openscience.org/archive/data/O3b_4KHZ_R1/1258291200/L-L1_GWOSC_O3b_4KHZ_R1-1258393600-4096.hdf5
171,1258397696,https://www.gw-openscience.org/archive/data/O3b_4KHZ_R1/1258291200/H-H1_GWOSC_O3b_4KHZ_R1-1258397696-4096.hdf5,https://www.gw-openscience.org/archive/data/O3b_4KHZ_R1/1258291200/L-L1_GWOSC_O3b_4KHZ_R1-1258397696-4096.hdf5
172,1258401792,https://www.gw-openscience.org/archive/data/O3b_4KHZ_R1/1258291200/H-H1_GWOSC_O3b_4KHZ_R1-1258401792-4096.hdf5,https://www.gw-openscience.org/archive/data/O3b_4KHZ_R1/1258291200/L-L1_GWOSC_O3b_4KHZ_R1-1258401792-4096.hdf5
173,1258422272,https://www.gw-openscience.org/archive/data/O3b_4KHZ_R1/1258291200/H-H1_GWOSC_O3b_4KHZ_R1-1258422272-4096.hdf5,https://www.gw-openscience.org/archive/data/O3b_4KHZ_R1/1258291200/L-L1_GWOSC_O3b_4KHZ_R1-1258422272-4096.hdf5
174,1258426368,https://www.gw-openscience.org/archive/data/O3b_4KHZ_R1/1258291200/H-H1_GWOSC_O3b_4KHZ_R1-1258426368-4096.hdf5,https://www.gw-openscience.org/archive/data/O3b_4KHZ_R1/1258291200/L-L1_GWOSC_O3b_4KHZ_R1-1258426368-4096.hdf5
175,1258434560,https://www.gw-openscience.org/archive/data/O3b_4KHZ_R1/1258291200/H-H1_GWOSC_O3b_4KHZ_R1-1258434560-4096.hdf5,https://www.gw-openscience.org/archive/data/O3b_4KHZ_R1/1258291200/L-L1_GWOSC_O3b_4KHZ_R1-1258434560-4096.hdf5
176,1258446848,https://www.gw-openscience.org/archive/data/O3b_4KHZ_R1/1258291200/H-H1_GWOSC_O3b_4KHZ_R1-1258446848-4096.hdf5,https://www.gw-openscience.org/archive/data/O3b_4KHZ_R1/1258291200/L-L1_GWOSC_O3b_4KHZ_R1-1258446848-4096.hdf5
177,1258459136,https://www.gw-openscience.org/archive/data/O3b_4KHZ_R1/1258291200/H-H1_GWOSC_O3b_4KHZ_R1-1258459136-4096.hdf5,https://www.gw-openscience.org/archive/data/O3b_4KHZ_R1/1258291200/L-L1_GWOSC_O3b_4KHZ_R1-1258459136-4096.hdf5
178,1258463232,https://www.gw-openscience.org/archive/data/O3b_4KHZ_R1/1258291200/H-H1_GWOSC_O3b_4KHZ_R1-1258463232-4096.hdf5,https://www.gw-openscience.org/archive/data/O3b_4KHZ_R1/1258291200/L-L1_GWOSC_O3b_4KHZ_R1-1258463232-4096.hdf5
179,1258467328,https://www.gw-openscience.org/archive/data/O3b_4KHZ_R1/1258291200/H-H1_GWOSC_O3b_4KHZ_R1-1258467328-4096.hdf5,https://www.gw-openscience.org/archive/data/O3b_4KHZ_R1/1258291200/L-L1_GWOSC_O3b_4KHZ_R1-1258467328-4096.hdf5
180,1258471424,https://www.gw-openscience.org/archive/data/O3b_4KHZ_R1/1258291200/H-H1_GWOSC_O3b_4KHZ_R1-1258471424-4096.hdf5,https://www.gw-openscience.org/archive/data/O3b_4KHZ_R1/1258291200/L-L1_GWOSC_O3b_4KHZ_R1-1258471424-4096.hdf5
181,1258487808,https://www.gw-openscience.org/archive/data/O3b_4KHZ_R1/1258291200/H-H1_GWOSC_O3b_4KHZ_R1-1258487808-4096.hdf5,https://www.gw-openscience.org/archive/data/O3b_4KHZ_R1/1258291200/L-L1_GWOSC_O3b_4KHZ_R1-1258487808-4096.hdf5
182,1258491904,https://www.gw-openscience.org/archive/data/O3b_4KHZ_R1/1258291200/H-H1_GWOSC_O3b_4KHZ_R1-1258491904-4096.hdf5,https://www.gw-openscience.org/archive/data/O3b_4KHZ_R1/1258291200/L-L1_GWOSC_O3b_4KHZ_R1-1258491904-4096.hdf5
183,1258500096,https://www.gw-openscience.org/archive/data/O3b_4KHZ_R1/1258291200/H-H1_GWOSC_O3b_4KHZ_R1-1258500096-4096.hdf5,https://www.gw-openscience.org/archive/data/O3b_4KHZ_R1/1258291200/L-L1_GWOSC_O3b_4KHZ_R1-1258500096-4096.hdf5
184,1258504192,https://www.gw-openscience.org/archive/data/O3b_4KHZ_R1/1258291200/H-H1_GWOSC_O3b_4KHZ_R1-1258504192-4096.hdf5,https://www.gw-openscience.org/archive/data/O3b_4KHZ_R1/1258291200/L-L1_GWOSC_O3b_4KHZ_R1-1258504192-4096.hdf5
185,1258508288,https://www.gw-openscience.org/archive/data/O3b_4KHZ_R1/1258291200/H-H1_GWOSC_O3b_4KHZ_R1-1258508288-4096.hdf5,https://www.gw-openscience.org/archive/data/O3b_4KHZ_R1/1258291200/L-L1_GWOSC_O3b_4KHZ_R1-1258508288-4096.hdf5
186,1258512384,https://www.gw-openscience.org/archive/data/O3b_4KHZ_R1/1258291200/H-H1_GWOSC_O3b_4KHZ_R1-1258512384-4096.hdf5,https://www.gw-openscience.org/archive/data/O3b_4KHZ_R1/1258291200/L-L1_GWOSC_O3b_4KHZ_R1-1258512384-4096.hdf5
187,1258516480,https://www.gw-openscience.org/archive/data/O3b_4KHZ_R1/1258291200/H-H1_GWOSC_O3b_4KHZ_R1-1258516480-4096.hdf5,https://www.gw-openscience.org/archive/data/O3b_4KHZ_R1/1258291200/L-L1_GWOSC_O3b_4KHZ_R1-1258516480-4096.hdf5
188,1258520576,https://www.gw-openscience.org/archive/data/O3b_4KHZ_R1/1258291200/H-H1_GWOSC_O3b_4KHZ_R1-1258520576-4096.hdf5,https://www.gw-openscience.org/archive/data/O3b_4KHZ_R1/1258291200/L-L1_GWOSC_O3b_4KHZ_R1-1258520576-4096.hdf5
189,1258524672,https://www.gw-openscience.org/archive/data/O3b_4KHZ_R1/1258291200/H-H1_GWOSC_O3b_4KHZ_R1-1258524672-4096.hdf5,https://www.gw-openscience.org/archive/data/O3b_4KHZ_R1/1258291200/L-L1_GWOSC_O3b_4KHZ_R1-1258524672-4096.hdf5
190,1258528768,https://www.gw-openscience.org/archive/data/O3b_4KHZ_R1/1258291200/H-H1_GWOSC_O3b_4KHZ_R1-1258528768-4096.hdf5,https://www.gw-openscience.org/archive/data/O3b_4KHZ_R1/1258291200/L-L1_GWOSC_O3b_4KHZ_R1-1258528768-4096.hdf5
191,1258532864,https://www.gw-openscience.org/archive/data/O3b_4KHZ_R1/1258291200/H-H1_GWOSC_O3b_4KHZ_R1-1258532864-4096.hdf5,https://www.gw-openscience.org/archive/data/O3b_4KHZ_R1/1258291200/L-L1_GWOSC_O3b_4KHZ_R1-1258532864-4096.hdf5
192,1258549248,https://www.gw-openscience.org/archive/data/O3b_4KHZ_R1/1258291200/H-H1_GWOSC_O3b_4KHZ_R1-1258549248-4096.hdf5,https://www.gw-openscience.org/archive/data/O3b_4KHZ_R1/1258291200/L-L1_GWOSC_O3b_4KHZ_R1-1258549248-4096.hdf5
193,1258553344,https://www.gw-openscience.org/archive/data/O3b_4KHZ_R1/1258291200/H-H1_GWOSC_O3b_4KHZ_R1-1258553344-4096.hdf5,https://www.gw-openscience.org/archive/data/O3b_4KHZ_R1/1258291200/L-L1_GWOSC_O3b_4KHZ_R1-1258553344-4096.hdf5
194,1258557440,https://www.gw-openscience.org/archive/data/O3b_4KHZ_R1/1258291200/H-H1_GWOSC_O3b_4KHZ_R1-1258557440-4096.hdf5,https://www.gw-openscience.org/archive/data/O3b_4KHZ_R1/1258291200/L-L1_GWOSC_O3b_4KHZ_R1-1258557440-4096.hdf5
195,1258561536,https://www.gw-openscience.org/archive/data/O3b_4KHZ_R1/1258291200/H-H1_GWOSC_O3b_4KHZ_R1-1258561536-4096.hdf5,https://www.gw-openscience.org/archive/data/O3b_4KHZ_R1/1258291200/L-L1_GWOSC_O3b_4KHZ_R1-1258561536-4096.hdf5
196,1258565632,https://www.gw-openscience.org/archive/data/O3b_4KHZ_R1/1258291200/H-H1_GWOSC_O3b_4KHZ_R1-1258565632-4096.hdf5,https://www.gw-openscience.org/archive/data/O3b_4KHZ_R1/1258291200/L-L1_GWOSC_O3b_4KHZ_R1-1258565632-4096.hdf5
197,1258569728,https://www.gw-openscience.org/archive/data/O3b_4KHZ_R1/1258291200/H-H1_GWOSC_O3b_4KHZ_R1-1258569728-4096.hdf5,https://www.gw-openscience.org/archive/data/O3b_4KHZ_R1/1258291200/L-L1_GWOSC_O3b_4KHZ_R1-1258569728-4096.hdf5
198,1258573824,https://www.gw-openscience.org/archive/data/O3b_4KHZ_R1/1258291200/H-H1_GWOSC_O3b_4KHZ_R1-1258573824-4096.hdf5,https://www.gw-openscience.org/archive/data/O3b_4KHZ_R1/1258291200/L-L1_GWOSC_O3b_4KHZ_R1-1258573824-4096.hdf5
199,1258606592,https://www.gw-openscience.org/archive/data/O3b_4KHZ_R1/1258291200/H-H1_GWOSC_O3b_4KHZ_R1-1258606592-4096.hdf5,https://www.gw-openscience.org/archive/data/O3b_4KHZ_R1/1258291200/L-L1_GWOSC_O3b_4KHZ_R1-1258606592-4096.hdf5
200,1258610688,https://www.gw-openscience.org/archive/data/O3b_4KHZ_R1/1258291200/H-H1_GWOSC_O3b_4KHZ_R1-1258610688-4096.hdf5,https://www.gw-openscience.org/archive/data/O3b_4KHZ_R1/1258291200/L-L1_GWOSC_O3b_4KHZ_R1-1258610688-4096.hdf5
201,1258614784,https://www.gw-openscience.org/archive/data/O3b_4KHZ_R1/1258291200/H-H1_GWOSC_O3b_4KHZ_R1-1258614784-4096.hdf5,https://www.gw-openscience.org/archive/data/O3b_4KHZ_R1/1258291200/L-L1_GWOSC_O3b_4KHZ_R1-1258614784-4096.hdf5
202,1258631168,https://www.gw-openscience.org/archive/data/O3b_4KHZ_R1/1258291200/H-H1_GWOSC_O3b_4KHZ_R1-1258631168-4096.hdf5,https://www.gw-openscience.org/archive/data/O3b_4KHZ_R1/1258291200/L-L1_GWOSC_O3b_4KHZ_R1-1258631168-4096.hdf5
203,1258635264,https://www.gw-openscience.org/archive/data/O3b_4KHZ_R1/1258291200/H-H1_GWOSC_O3b_4KHZ_R1-1258635264-4096.hdf5,https://www.gw-openscience.org/archive/data/O3b_4KHZ_R1/1258291200/L-L1_GWOSC_O3b_4KHZ_R1-1258635264-4096.hdf5
204,1258639360,https://www.gw-openscience.org/archive/data/O3b_4KHZ_R1/1258291200/H-H1_GWOSC_O3b_4KHZ_R1-1258639360-4096.hdf5,https://www.gw-openscience.org/archive/data/O3b_4KHZ_R1/1258291200/L-L1_GWOSC_O3b_4KHZ_R1-1258639360-4096.hdf5
205,1258643456,https://www.gw-openscience.org/archive/data/O3b_4KHZ_R1/1258291200/H-H1_GWOSC_O3b_4KHZ_R1-1258643456-4096.hdf5,https://www.gw-openscience.org/archive/data/O3b_4KHZ_R1/1258291200/L-L1_GWOSC_O3b_4KHZ_R1-1258643456-4096.hdf5
206,1258647552,https://www.gw-openscience.org/archive/data/O3b_4KHZ_R1/1258291200/H-H1_GWOSC_O3b_4KHZ_R1-1258647552-4096.hdf5,https://www.gw-openscience.org/archive/data/O3b_4KHZ_R1/1258291200/L-L1_GWOSC_O3b_4KHZ_R1-1258647552-4096.hdf5
207,1258651648,https://www.gw-openscience.org/archive/data/O3b_4KHZ_R1/1258291200/H-H1_GWOSC_O3b_4KHZ_R1-1258651648-4096.hdf5,https://www.gw-openscience.org/archive/data/O3b_4KHZ_R1/1258291200/L-L1_GWOSC_O3b_4KHZ_R1-1258651648-4096.hdf5
208,1258655744,https://www.gw-openscience.org/archive/data/O3b_4KHZ_R1/1258291200/H-H1_GWOSC_O3b_4KHZ_R1-1258655744-4096.hdf5,https://www.gw-openscience.org/archive/data/O3b_4KHZ_R1/1258291200/L-L1_GWOSC_O3b_4KHZ_R1-1258655744-4096.hdf5
209,1258659840,https://www.gw-openscience.org/archive/data/O3b_4KHZ_R1/1258291200/H-H1_GWOSC_O3b_4KHZ_R1-1258659840-4096.hdf5,https://www.gw-openscience.org/archive/data/O3b_4KHZ_R1/1258291200/L-L1_GWOSC_O3b_4KHZ_R1-1258659840-4096.hdf5
210,1258663936,https://www.gw-openscience.org/archive/data/O3b_4KHZ_R1/1258291200/H-H1_GWOSC_O3b_4KHZ_R1-1258663936-4096.hdf5,https://www.gw-openscience.org/archive/data/O3b_4KHZ_R1/1258291200/L-L1_GWOSC_O3b_4KHZ_R1-1258663936-4096.hdf5
211,1258668032,https://www.gw-openscience.org/archive/data/O3b_4KHZ_R1/1258291200/H-H1_GWOSC_O3b_4KHZ_R1-1258668032-4096.hdf5,https://www.gw-openscience.org/archive/data/O3b_4KHZ_R1/1258291200/L-L1_GWOSC_O3b_4KHZ_R1-1258668032-4096.hdf5
212,1258672128,https://www.gw-openscience.org/archive/data/O3b_4KHZ_R1/1258291200/H-H1_GWOSC_O3b_4KHZ_R1-1258672128-4096.hdf5,https://www.gw-openscience.org/archive/data/O3b_4KHZ_R1/1258291200/L-L1_GWOSC_O3b_4KHZ_R1-1258672128-4096.hdf5
213,1258676224,https://www.gw-openscience.org/archive/data/O3b_4KHZ_R1/1258291200/H-H1_GWOSC_O3b_4KHZ_R1-1258676224-4096.hdf5,https://www.gw-openscience.org/archive/data/O3b_4KHZ_R1/1258291200/L-L1_GWOSC_O3b_4KHZ_R1-1258676224-4096.hdf5
214,1258680320,https://www.gw-openscience.org/archive/data/O3b_4KHZ_R1/1258291200/H-H1_GWOSC_O3b_4KHZ_R1-1258680320-4096.hdf5,https://www.gw-openscience.org/archive/data/O3b_4KHZ_R1/1258291200/L-L1_GWOSC_O3b_4KHZ_R1-1258680320-4096.hdf5
215,1258684416,https://www.gw-openscience.org/archive/data/O3b_4KHZ_R1/1258291200/H-H1_GWOSC_O3b_4KHZ_R1-1258684416-4096.hdf5,https://www.gw-openscience.org/archive/data/O3b_4KHZ_R1/1258291200/L-L1_GWOSC_O3b_4KHZ_R1-1258684416-4096.hdf5
216,1258688512,https://www.gw-openscience.org/archive/data/O3b_4KHZ_R1/1258291200/H-H1_GWOSC_O3b_4KHZ_R1-1258688512-4096.hdf5,https://www.gw-openscience.org/archive/data/O3b_4KHZ_R1/1258291200/L-L1_GWOSC_O3b_4KHZ_R1-1258688512-4096.hdf5
217,1258692608,https://www.gw-openscience.org/archive/data/O3b_4KHZ_R1/1258291200/H-H1_GWOSC_O3b_4KHZ_R1-1258692608-4096.hdf5,https://www.gw-openscience.org/archive/data/O3b_4KHZ_R1/1258291200/L-L1_GWOSC_O3b_4KHZ_R1-1258692608-4096.hdf5
218,1258696704,https://www.gw-openscience.org/archive/data/O3b_4KHZ_R1/1258291200/H-H1_GWOSC_O3b_4KHZ_R1-1258696704-4096.hdf5,https://www.gw-openscience.org/archive/data/O3b_4KHZ_R1/1258291200/L-L1_GWOSC_O3b_4KHZ_R1-1258696704-4096.hdf5
219,1258700800,https://www.gw-openscience.org/archive/data/O3b_4KHZ_R1/1258291200/H-H1_GWOSC_O3b_4KHZ_R1-1258700800-4096.hdf5,https://www.gw-openscience.org/archive/data/O3b_4KHZ_R1/1258291200/L-L1_GWOSC_O3b_4KHZ_R1-1258700800-4096.hdf5
220,1258704896,https://www.gw-openscience.org/archive/data/O3b_4KHZ_R1/1258291200/H-H1_GWOSC_O3b_4KHZ_R1-1258704896-4096.hdf5,https://www.gw-openscience.org/archive/data/O3b_4KHZ_R1/1258291200/L-L1_GWOSC_O3b_4KHZ_R1-1258704896-4096.hdf5
221,1258708992,https://www.gw-openscience.org/archive/data/O3b_4KHZ_R1/1258291200/H-H1_GWOSC_O3b_4KHZ_R1-1258708992-4096.hdf5,https://www.gw-openscience.org/archive/data/O3b_4KHZ_R1/1258291200/L-L1_GWOSC_O3b_4KHZ_R1-1258708992-4096.hdf5
222,1258713088,https://www.gw-openscience.org/archive/data/O3b_4KHZ_R1/1258291200/H-H1_GWOSC_O3b_4KHZ_R1-1258713088-4096.hdf5,https://www.gw-openscience.org/archive/data/O3b_4KHZ_R1/1258291200/L-L1_GWOSC_O3b_4KHZ_R1-1258713088-4096.hdf5
223,1258717184,https://www.gw-openscience.org/archive/data/O3b_4KHZ_R1/1258291200/H-H1_GWOSC_O3b_4KHZ_R1-1258717184-4096.hdf5,https://www.gw-openscience.org/archive/data/O3b_4KHZ_R1/1258291200/L-L1_GWOSC_O3b_4KHZ_R1-1258717184-4096.hdf5
224,1258721280,https://www.gw-openscience.org/archive/data/O3b_4KHZ_R1/1258291200/H-H1_GWOSC_O3b_4KHZ_R1-1258721280-4096.hdf5,https://www.gw-openscience.org/archive/data/O3b_4KHZ_R1/1258291200/L-L1_GWOSC_O3b_4KHZ_R1-1258721280-4096.hdf5
225,1258725376,https://www.gw-openscience.org/archive/data/O3b_4KHZ_R1/1258291200/H-H1_GWOSC_O3b_4KHZ_R1-1258725376-4096.hdf5,https://www.gw-openscience.org/archive/data/O3b_4KHZ_R1/1258291200/L-L1_GWOSC_O3b_4KHZ_R1-1258725376-4096.hdf5
226,1258729472,https://www.gw-openscience.org/archive/data/O3b_4KHZ_R1/1258291200/H-H1_GWOSC_O3b_4KHZ_R1-1258729472-4096.hdf5,https://www.gw-openscience.org/archive/data/O3b_4KHZ_R1/1258291200/L-L1_GWOSC_O3b_4KHZ_R1-1258729472-4096.hdf5
227,1258733568,https://www.gw-openscience.org/archive/data/O3b_4KHZ_R1/1258291200/H-H1_GWOSC_O3b_4KHZ_R1-1258733568-4096.hdf5,https://www.gw-openscience.org/archive/data/O3b_4KHZ_R1/1258291200/L-L1_GWOSC_O3b_4KHZ_R1-1258733568-4096.hdf5
228,1258737664,https://www.gw-openscience.org/archive/data/O3b_4KHZ_R1/1258291200/H-H1_GWOSC_O3b_4KHZ_R1-1258737664-4096.hdf5,https://www.gw-openscience.org/archive/data/O3b_4KHZ_R1/1258291200/L-L1_GWOSC_O3b_4KHZ_R1-1258737664-4096.hdf5
229,1258741760,https://www.gw-openscience.org/archive/data/O3b_4KHZ_R1/1258291200/H-H1_GWOSC_O3b_4KHZ_R1-1258741760-4096.hdf5,https://www.gw-openscience.org/archive/data/O3b_4KHZ_R1/1258291200/L-L1_GWOSC_O3b_4KHZ_R1-1258741760-4096.hdf5
230,1258758144,https://www.gw-openscience.org/archive/data/O3b_4KHZ_R1/1258291200/H-H1_GWOSC_O3b_4KHZ_R1-1258758144-4096.hdf5,https://www.gw-openscience.org/archive/data/O3b_4KHZ_R1/1258291200/L-L1_GWOSC_O3b_4KHZ_R1-1258758144-4096.hdf5
231,1258762240,https://www.gw-openscience.org/archive/data/O3b_4KHZ_R1/1258291200/H-H1_GWOSC_O3b_4KHZ_R1-1258762240-4096.hdf5,https://www.gw-openscience.org/archive/data/O3b_4KHZ_R1/1258291200/L-L1_GWOSC_O3b_4KHZ_R1-1258762240-4096.hdf5
232,1258766336,https://www.gw-openscience.org/archive/data/O3b_4KHZ_R1/1258291200/H-H1_GWOSC_O3b_4KHZ_R1-1258766336-4096.hdf5,https://www.gw-openscience.org/archive/data/O3b_4KHZ_R1/1258291200/L-L1_GWOSC_O3b_4KHZ_R1-1258766336-4096.hdf5
233,1258786816,https://www.gw-openscience.org/archive/data/O3b_4KHZ_R1/1258291200/H-H1_GWOSC_O3b_4KHZ_R1-1258786816-4096.hdf5,https://www.gw-openscience.org/archive/data/O3b_4KHZ_R1/1258291200/L-L1_GWOSC_O3b_4KHZ_R1-1258786816-4096.hdf5
234,1258790912,https://www.gw-openscience.org/archive/data/O3b_4KHZ_R1/1258291200/H-H1_GWOSC_O3b_4KHZ_R1-1258790912-4096.hdf5,https://www.gw-openscience.org/archive/data/O3b_4KHZ_R1/1258291200/L-L1_GWOSC_O3b_4KHZ_R1-1258790912-4096.hdf5
235,1258795008,https://www.gw-openscience.org/archive/data/O3b_4KHZ_R1/1258291200/H-H1_GWOSC_O3b_4KHZ_R1-1258795008-4096.hdf5,https://www.gw-openscience.org/archive/data/O3b_4KHZ_R1/1258291200/L-L1_GWOSC_O3b_4KHZ_R1-1258795008-4096.hdf5
236,1258799104,https://www.gw-openscience.org/archive/data/O3b_4KHZ_R1/1258291200/H-H1_GWOSC_O3b_4KHZ_R1-1258799104-4096.hdf5,https://www.gw-openscience.org/archive/data/O3b_4KHZ_R1/1258291200/L-L1_GWOSC_O3b_4KHZ_R1-1258799104-4096.hdf5
237,1258803200,https://www.gw-openscience.org/archive/data/O3b_4KHZ_R1/1258291200/H-H1_GWOSC_O3b_4KHZ_R1-1258803200-4096.hdf5,https://www.gw-openscience.org/archive/data/O3b_4KHZ_R1/1258291200/L-L1_GWOSC_O3b_4KHZ_R1-1258803200-4096.hdf5
238,1258807296,https://www.gw-openscience.org/archive/data/O3b_4KHZ_R1/1258291200/H-H1_GWOSC_O3b_4KHZ_R1-1258807296-4096.hdf5,https://www.gw-openscience.org/archive/data/O3b_4KHZ_R1/1258291200/L-L1_GWOSC_O3b_4KHZ_R1-1258807296-4096.hdf5
239,1258811392,https://www.gw-openscience.org/archive/data/O3b_4KHZ_R1/1258291200/H-H1_GWOSC_O3b_4KHZ_R1-1258811392-4096.hdf5,https://www.gw-openscience.org/archive/data/O3b_4KHZ_R1/1258291200/L-L1_GWOSC_O3b_4KHZ_R1-1258811392-4096.hdf5
240,1258848256,https://www.gw-openscience.org/archive/data/O3b_4KHZ_R1/1258291200/H-H1_GWOSC_O3b_4KHZ_R1-1258848256-4096.hdf5,https://www.gw-openscience.org/archive/data/O3b_4KHZ_R1/1258291200/L-L1_GWOSC_O3b_4KHZ_R1-1258848256-4096.hdf5
241,1258852352,https://www.gw-openscience.org/archive/data/O3b_4KHZ_R1/1258291200/H-H1_GWOSC_O3b_4KHZ_R1-1258852352-4096.hdf5,https://www.gw-openscience.org/archive/data/O3b_4KHZ_R1/1258291200/L-L1_GWOSC_O3b_4KHZ_R1-1258852352-4096.hdf5
242,1258856448,https://www.gw-openscience.org/archive/data/O3b_4KHZ_R1/1258291200/H-H1_GWOSC_O3b_4KHZ_R1-1258856448-4096.hdf5,https://www.gw-openscience.org/archive/data/O3b_4KHZ_R1/1258291200/L-L1_GWOSC_O3b_4KHZ_R1-1258856448-4096.hdf5
243,1258860544,https://www.gw-openscience.org/archive/data/O3b_4KHZ_R1/1258291200/H-H1_GWOSC_O3b_4KHZ_R1-1258860544-4096.hdf5,https://www.gw-openscience.org/archive/data/O3b_4KHZ_R1/1258291200/L-L1_GWOSC_O3b_4KHZ_R1-1258860544-4096.hdf5
244,1258864640,https://www.gw-openscience.org/archive/data/O3b_4KHZ_R1/1258291200/H-H1_GWOSC_O3b_4KHZ_R1-1258864640-4096.hdf5,https://www.gw-openscience.org/archive/data/O3b_4KHZ_R1/1258291200/L-L1_GWOSC_O3b_4KHZ_R1-1258864640-4096.hdf5
245,1258868736,https://www.gw-openscience.org/archive/data/O3b_4KHZ_R1/1258291200/H-H1_GWOSC_O3b_4KHZ_R1-1258868736-4096.hdf5,https://www.gw-openscience.org/archive/data/O3b_4KHZ_R1/1258291200/L-L1_GWOSC_O3b_4KHZ_R1-1258868736-4096.hdf5
246,1258872832,https://www.gw-openscience.org/archive/data/O3b_4KHZ_R1/1258291200/H-H1_GWOSC_O3b_4KHZ_R1-1258872832-4096.hdf5,https://www.gw-openscience.org/archive/data/O3b_4KHZ_R1/1258291200/L-L1_GWOSC_O3b_4KHZ_R1-1258872832-4096.hdf5
247,1258876928,https://www.gw-openscience.org/archive/data/O3b_4KHZ_R1/1258291200/H-H1_GWOSC_O3b_4KHZ_R1-1258876928-4096.hdf5,https://www.gw-openscience.org/archive/data/O3b_4KHZ_R1/1258291200/L-L1_GWOSC_O3b_4KHZ_R1-1258876928-4096.hdf5
248,1258881024,https://www.gw-openscience.org/archive/data/O3b_4KHZ_R1/1258291200/H-H1_GWOSC_O3b_4KHZ_R1-1258881024-4096.hdf5,https://www.gw-openscience.org/archive/data/O3b_4KHZ_R1/1258291200/L-L1_GWOSC_O3b_4KHZ_R1-1258881024-4096.hdf5
249,1258885120,https://www.gw-openscience.org/archive/data/O3b_4KHZ_R1/1258291200/H-H1_GWOSC_O3b_4KHZ_R1-1258885120-4096.hdf5,https://www.gw-openscience.org/archive/data/O3b_4KHZ_R1/1258291200/L-L1_GWOSC_O3b_4KHZ_R1-1258885120-4096.hdf5
250,1258897408,https://www.gw-openscience.org/archive/data/O3b_4KHZ_R1/1258291200/H-H1_GWOSC_O3b_4KHZ_R1-1258897408-4096.hdf5,https://www.gw-openscience.org/archive/data/O3b_4KHZ_R1/1258291200/L-L1_GWOSC_O3b_4KHZ_R1-1258897408-4096.hdf5
251,1258901504,https://www.gw-openscience.org/archive/data/O3b_4KHZ_R1/1258291200/H-H1_GWOSC_O3b_4KHZ_R1-1258901504-4096.hdf5,https://www.gw-openscience.org/archive/data/O3b_4KHZ_R1/1258291200/L-L1_GWOSC_O3b_4KHZ_R1-1258901504-4096.hdf5
252,1258905600,https://www.gw-openscience.org/archive/data/O3b_4KHZ_R1/1258291200/H-H1_GWOSC_O3b_4KHZ_R1-1258905600-4096.hdf5,https://www.gw-openscience.org/archive/data/O3b_4KHZ_R1/1258291200/L-L1_GWOSC_O3b_4KHZ_R1-1258905600-4096.hdf5
253,1258909696,https://www.gw-openscience.org/archive/data/O3b_4KHZ_R1/1258291200/H-H1_GWOSC_O3b_4KHZ_R1-1258909696-4096.hdf5,https://www.gw-openscience.org/archive/data/O3b_4KHZ_R1/1258291200/L-L1_GWOSC_O3b_4KHZ_R1-1258909696-4096.hdf5
254,1258913792,https://www.gw-openscience.org/archive/data/O3b_4KHZ_R1/1258291200/H-H1_GWOSC_O3b_4KHZ_R1-1258913792-4096.hdf5,https://www.gw-openscience.org/archive/data/O3b_4KHZ_R1/1258291200/L-L1_GWOSC_O3b_4KHZ_R1-1258913792-4096.hdf5
255,1258917888,https://www.gw-openscience.org/archive/data/O3b_4KHZ_R1/1258291200/H-H1_GWOSC_O3b_4KHZ_R1-1258917888-4096.hdf5,https://www.gw-openscience.org/archive/data/O3b_4KHZ_R1/1258291200/L-L1_GWOSC_O3b_4KHZ_R1-1258917888-4096.hdf5
256,1258967040,https://www.gw-openscience.org/archive/data/O3b_4KHZ_R1/1258291200/H-H1_GWOSC_O3b_4KHZ_R1-1258967040-4096.hdf5,https://www.gw-openscience.org/archive/data/O3b_4KHZ_R1/1258291200/L-L1_GWOSC_O3b_4KHZ_R1-1258967040-4096.hdf5
257,1258971136,https://www.gw-openscience.org/archive/data/O3b_4KHZ_R1/1258291200/H-H1_GWOSC_O3b_4KHZ_R1-1258971136-4096.hdf5,https://www.gw-openscience.org/archive/data/O3b_4KHZ_R1/1258291200/L-L1_GWOSC_O3b_4KHZ_R1-1258971136-4096.hdf5
258,1258975232,https://www.gw-openscience.org/archive/data/O3b_4KHZ_R1/1258291200/H-H1_GWOSC_O3b_4KHZ_R1-1258975232-4096.hdf5,https://www.gw-openscience.org/archive/data/O3b_4KHZ_R1/1258291200/L-L1_GWOSC_O3b_4KHZ_R1-1258975232-4096.hdf5
259,1258979328,https://www.gw-openscience.org/archive/data/O3b_4KHZ_R1/1258291200/H-H1_GWOSC_O3b_4KHZ_R1-1258979328-4096.hdf5,https://www.gw-openscience.org/archive/data/O3b_4KHZ_R1/1258291200/L-L1_GWOSC_O3b_4KHZ_R1-1258979328-4096.hdf5
260,1258995712,https://www.gw-openscience.org/archive/data/O3b_4KHZ_R1/1258291200/H-H1_GWOSC_O3b_4KHZ_R1-1258995712-4096.hdf5,https://www.gw-openscience.org/archive/data/O3b_4KHZ_R1/1258291200/L-L1_GWOSC_O3b_4KHZ_R1-1258995712-4096.hdf5
261,1258999808,https://www.gw-openscience.org/archive/data/O3b_4KHZ_R1/1258291200/H-H1_GWOSC_O3b_4KHZ_R1-1258999808-4096.hdf5,https://www.gw-openscience.org/archive/data/O3b_4KHZ_R1/1258291200/L-L1_GWOSC_O3b_4KHZ_R1-1258999808-4096.hdf5
262,1259008000,https://www.gw-openscience.org/archive/data/O3b_4KHZ_R1/1258291200/H-H1_GWOSC_O3b_4KHZ_R1-1259008000-4096.hdf5,https://www.gw-openscience.org/archive/data/O3b_4KHZ_R1/1258291200/L-L1_GWOSC_O3b_4KHZ_R1-1259008000-4096.hdf5
263,1259040768,https://www.gw-openscience.org/archive/data/O3b_4KHZ_R1/1258291200/H-H1_GWOSC_O3b_4KHZ_R1-1259040768-4096.hdf5,https://www.gw-openscience.org/archive/data/O3b_4KHZ_R1/1258291200/L-L1_GWOSC_O3b_4KHZ_R1-1259040768-4096.hdf5
264,1259044864,https://www.gw-openscience.org/archive/data/O3b_4KHZ_R1/1258291200/H-H1_GWOSC_O3b_4KHZ_R1-1259044864-4096.hdf5,https://www.gw-openscience.org/archive/data/O3b_4KHZ_R1/1258291200/L-L1_GWOSC_O3b_4KHZ_R1-1259044864-4096.hdf5
265,1259048960,https://www.gw-openscience.org/archive/data/O3b_4KHZ_R1/1258291200/H-H1_GWOSC_O3b_4KHZ_R1-1259048960-4096.hdf5,https://www.gw-openscience.org/archive/data/O3b_4KHZ_R1/1258291200/L-L1_GWOSC_O3b_4KHZ_R1-1259048960-4096.hdf5
266,1259061248,https://www.gw-openscience.org/archive/data/O3b_4KHZ_R1/1258291200/H-H1_GWOSC_O3b_4KHZ_R1-1259061248-4096.hdf5,https://www.gw-openscience.org/archive/data/O3b_4KHZ_R1/1258291200/L-L1_GWOSC_O3b_4KHZ_R1-1259061248-4096.hdf5
267,1259065344,https://www.gw-openscience.org/archive/data/O3b_4KHZ_R1/1258291200/H-H1_GWOSC_O3b_4KHZ_R1-1259065344-4096.hdf5,https://www.gw-openscience.org/archive/data/O3b_4KHZ_R1/1258291200/L-L1_GWOSC_O3b_4KHZ_R1-1259065344-4096.hdf5
268,1259085824,https://www.gw-openscience.org/archive/data/O3b_4KHZ_R1/1258291200/H-H1_GWOSC_O3b_4KHZ_R1-1259085824-4096.hdf5,https://www.gw-openscience.org/archive/data/O3b_4KHZ_R1/1258291200/L-L1_GWOSC_O3b_4KHZ_R1-1259085824-4096.hdf5
269,1259089920,https://www.gw-openscience.org/archive/data/O3b_4KHZ_R1/1258291200/H-H1_GWOSC_O3b_4KHZ_R1-1259089920-4096.hdf5,https://www.gw-openscience.org/archive/data/O3b_4KHZ_R1/1258291200/L-L1_GWOSC_O3b_4KHZ_R1-1259089920-4096.hdf5
270,1259094016,https://www.gw-openscience.org/archive/data/O3b_4KHZ_R1/1258291200/H-H1_GWOSC_O3b_4KHZ_R1-1259094016-4096.hdf5,https://www.gw-openscience.org/archive/data/O3b_4KHZ_R1/1258291200/L-L1_GWOSC_O3b_4KHZ_R1-1259094016-4096.hdf5
271,1259098112,https://www.gw-openscience.org/archive/data/O3b_4KHZ_R1/1258291200/H-H1_GWOSC_O3b_4KHZ_R1-1259098112-4096.hdf5,https://www.gw-openscience.org/archive/data/O3b_4KHZ_R1/1258291200/L-L1_GWOSC_O3b_4KHZ_R1-1259098112-4096.hdf5
272,1259155456,https://www.gw-openscience.org/archive/data/O3b_4KHZ_R1/1258291200/H-H1_GWOSC_O3b_4KHZ_R1-1259155456-4096.hdf5,https://www.gw-openscience.org/archive/data/O3b_4KHZ_R1/1258291200/L-L1_GWOSC_O3b_4KHZ_R1-1259155456-4096.hdf5
273,1259159552,https://www.gw-openscience.org/archive/data/O3b_4KHZ_R1/1258291200/H-H1_GWOSC_O3b_4KHZ_R1-1259159552-4096.hdf5,https://www.gw-openscience.org/archive/data/O3b_4KHZ_R1/1258291200/L-L1_GWOSC_O3b_4KHZ_R1-1259159552-4096.hdf5
274,1259163648,https://www.gw-openscience.org/archive/data/O3b_4KHZ_R1/1258291200/H-H1_GWOSC_O3b_4KHZ_R1-1259163648-4096.hdf5,https://www.gw-openscience.org/archive/data/O3b_4KHZ_R1/1258291200/L-L1_GWOSC_O3b_4KHZ_R1-1259163648-4096.hdf5
275,1259167744,https://www.gw-openscience.org/archive/data/O3b_4KHZ_R1/1258291200/H-H1_GWOSC_O3b_4KHZ_R1-1259167744-4096.hdf5,https://www.gw-openscience.org/archive/data/O3b_4KHZ_R1/1258291200/L-L1_GWOSC_O3b_4KHZ_R1-1259167744-4096.hdf5
276,1259171840,https://www.gw-openscience.org/archive/data/O3b_4KHZ_R1/1258291200/H-H1_GWOSC_O3b_4KHZ_R1-1259171840-4096.hdf5,https://www.gw-openscience.org/archive/data/O3b_4KHZ_R1/1258291200/L-L1_GWOSC_O3b_4KHZ_R1-1259171840-4096.hdf5
277,1259175936,https://www.gw-openscience.org/archive/data/O3b_4KHZ_R1/1258291200/H-H1_GWOSC_O3b_4KHZ_R1-1259175936-4096.hdf5,https://www.gw-openscience.org/archive/data/O3b_4KHZ_R1/1258291200/L-L1_GWOSC_O3b_4KHZ_R1-1259175936-4096.hdf5
278,1259311104,https://www.gw-openscience.org/archive/data/O3b_4KHZ_R1/1258291200/H-H1_GWOSC_O3b_4KHZ_R1-1259311104-4096.hdf5,https://www.gw-openscience.org/archive/data/O3b_4KHZ_R1/1258291200/L-L1_GWOSC_O3b_4KHZ_R1-1259311104-4096.hdf5
279,1259335680,https://www.gw-openscience.org/archive/data/O3b_4KHZ_R1/1258291200/H-H1_GWOSC_O3b_4KHZ_R1-1259335680-4096.hdf5,https://www.gw-openscience.org/archive/data/O3b_4KHZ_R1/1258291200/L-L1_GWOSC_O3b_4KHZ_R1-1259335680-4096.hdf5
280,1259343872,https://www.gw-openscience.org/archive/data/O3b_4KHZ_R1/1259339776/H-H1_GWOSC_O3b_4KHZ_R1-1259343872-4096.hdf5,https://www.gw-openscience.org/archive/data/O3b_4KHZ_R1/1259339776/L-L1_GWOSC_O3b_4KHZ_R1-1259343872-4096.hdf5
281,1259347968,https://www.gw-openscience.org/archive/data/O3b_4KHZ_R1/1259339776/H-H1_GWOSC_O3b_4KHZ_R1-1259347968-4096.hdf5,https://www.gw-openscience.org/archive/data/O3b_4KHZ_R1/1259339776/L-L1_GWOSC_O3b_4KHZ_R1-1259347968-4096.hdf5
282,1259352064,https://www.gw-openscience.org/archive/data/O3b_4KHZ_R1/1259339776/H-H1_GWOSC_O3b_4KHZ_R1-1259352064-4096.hdf5,https://www.gw-openscience.org/archive/data/O3b_4KHZ_R1/1259339776/L-L1_GWOSC_O3b_4KHZ_R1-1259352064-4096.hdf5
283,1259368448,https://www.gw-openscience.org/archive/data/O3b_4KHZ_R1/1259339776/H-H1_GWOSC_O3b_4KHZ_R1-1259368448-4096.hdf5,https://www.gw-openscience.org/archive/data/O3b_4KHZ_R1/1259339776/L-L1_GWOSC_O3b_4KHZ_R1-1259368448-4096.hdf5
284,1259372544,https://www.gw-openscience.org/archive/data/O3b_4KHZ_R1/1259339776/H-H1_GWOSC_O3b_4KHZ_R1-1259372544-4096.hdf5,https://www.gw-openscience.org/archive/data/O3b_4KHZ_R1/1259339776/L-L1_GWOSC_O3b_4KHZ_R1-1259372544-4096.hdf5
285,1259376640,https://www.gw-openscience.org/archive/data/O3b_4KHZ_R1/1259339776/H-H1_GWOSC_O3b_4KHZ_R1-1259376640-4096.hdf5,https://www.gw-openscience.org/archive/data/O3b_4KHZ_R1/1259339776/L-L1_GWOSC_O3b_4KHZ_R1-1259376640-4096.hdf5
286,1259380736,https://www.gw-openscience.org/archive/data/O3b_4KHZ_R1/1259339776/H-H1_GWOSC_O3b_4KHZ_R1-1259380736-4096.hdf5,https://www.gw-openscience.org/archive/data/O3b_4KHZ_R1/1259339776/L-L1_GWOSC_O3b_4KHZ_R1-1259380736-4096.hdf5
287,1259384832,https://www.gw-openscience.org/archive/data/O3b_4KHZ_R1/1259339776/H-H1_GWOSC_O3b_4KHZ_R1-1259384832-4096.hdf5,https://www.gw-openscience.org/archive/data/O3b_4KHZ_R1/1259339776/L-L1_GWOSC_O3b_4KHZ_R1-1259384832-4096.hdf5
288,1259388928,https://www.gw-openscience.org/archive/data/O3b_4KHZ_R1/1259339776/H-H1_GWOSC_O3b_4KHZ_R1-1259388928-4096.hdf5,https://www.gw-openscience.org/archive/data/O3b_4KHZ_R1/1259339776/L-L1_GWOSC_O3b_4KHZ_R1-1259388928-4096.hdf5
289,1259393024,https://www.gw-openscience.org/archive/data/O3b_4KHZ_R1/1259339776/H-H1_GWOSC_O3b_4KHZ_R1-1259393024-4096.hdf5,https://www.gw-openscience.org/archive/data/O3b_4KHZ_R1/1259339776/L-L1_GWOSC_O3b_4KHZ_R1-1259393024-4096.hdf5
290,1259397120,https://www.gw-openscience.org/archive/data/O3b_4KHZ_R1/1259339776/H-H1_GWOSC_O3b_4KHZ_R1-1259397120-4096.hdf5,https://www.gw-openscience.org/archive/data/O3b_4KHZ_R1/1259339776/L-L1_GWOSC_O3b_4KHZ_R1-1259397120-4096.hdf5
291,1259405312,https://www.gw-openscience.org/archive/data/O3b_4KHZ_R1/1259339776/H-H1_GWOSC_O3b_4KHZ_R1-1259405312-4096.hdf5,https://www.gw-openscience.org/archive/data/O3b_4KHZ_R1/1259339776/L-L1_GWOSC_O3b_4KHZ_R1-1259405312-4096.hdf5
292,1259409408,https://www.gw-openscience.org/archive/data/O3b_4KHZ_R1/1259339776/H-H1_GWOSC_O3b_4KHZ_R1-1259409408-4096.hdf5,https://www.gw-openscience.org/archive/data/O3b_4KHZ_R1/1259339776/L-L1_GWOSC_O3b_4KHZ_R1-1259409408-4096.hdf5
293,1259413504,https://www.gw-openscience.org/archive/data/O3b_4KHZ_R1/1259339776/H-H1_GWOSC_O3b_4KHZ_R1-1259413504-4096.hdf5,https://www.gw-openscience.org/archive/data/O3b_4KHZ_R1/1259339776/L-L1_GWOSC_O3b_4KHZ_R1-1259413504-4096.hdf5
294,1259446272,https://www.gw-openscience.org/archive/data/O3b_4KHZ_R1/1259339776/H-H1_GWOSC_O3b_4KHZ_R1-1259446272-4096.hdf5,https://www.gw-openscience.org/archive/data/O3b_4KHZ_R1/1259339776/L-L1_GWOSC_O3b_4KHZ_R1-1259446272-4096.hdf5
295,1259450368,https://www.gw-openscience.org/archive/data/O3b_4KHZ_R1/1259339776/H-H1_GWOSC_O3b_4KHZ_R1-1259450368-4096.hdf5,https://www.gw-openscience.org/archive/data/O3b_4KHZ_R1/1259339776/L-L1_GWOSC_O3b_4KHZ_R1-1259450368-4096.hdf5
296,1259454464,https://www.gw-openscience.org/archive/data/O3b_4KHZ_R1/1259339776/H-H1_GWOSC_O3b_4KHZ_R1-1259454464-4096.hdf5,https://www.gw-openscience.org/archive/data/O3b_4KHZ_R1/1259339776/L-L1_GWOSC_O3b_4KHZ_R1-1259454464-4096.hdf5
297,1259483136,https://www.gw-openscience.org/archive/data/O3b_4KHZ_R1/1259339776/H-H1_GWOSC_O3b_4KHZ_R1-1259483136-4096.hdf5,https://www.gw-openscience.org/archive/data/O3b_4KHZ_R1/1259339776/L-L1_GWOSC_O3b_4KHZ_R1-1259483136-4096.hdf5
298,1259495424,https://www.gw-openscience.org/archive/data/O3b_4KHZ_R1/1259339776/H-H1_GWOSC_O3b_4KHZ_R1-1259495424-4096.hdf5,https://www.gw-openscience.org/archive/data/O3b_4KHZ_R1/1259339776/L-L1_GWOSC_O3b_4KHZ_R1-1259495424-4096.hdf5
299,1259507712,https://www.gw-openscience.org/archive/data/O3b_4KHZ_R1/1259339776/H-H1_GWOSC_O3b_4KHZ_R1-1259507712-4096.hdf5,https://www.gw-openscience.org/archive/data/O3b_4KHZ_R1/1259339776/L-L1_GWOSC_O3b_4KHZ_R1-1259507712-4096.hdf5
300,1259540480,https://www.gw-openscience.org/archive/data/O3b_4KHZ_R1/1259339776/H-H1_GWOSC_O3b_4KHZ_R1-1259540480-4096.hdf5,https://www.gw-openscience.org/archive/data/O3b_4KHZ_R1/1259339776/L-L1_GWOSC_O3b_4KHZ_R1-1259540480-4096.hdf5
301,1259560960,https://www.gw-openscience.org/archive/data/O3b_4KHZ_R1/1259339776/H-H1_GWOSC_O3b_4KHZ_R1-1259560960-4096.hdf5,https://www.gw-openscience.org/archive/data/O3b_4KHZ_R1/1259339776/L-L1_GWOSC_O3b_4KHZ_R1-1259560960-4096.hdf5
302,1259593728,https://www.gw-openscience.org/archive/data/O3b_4KHZ_R1/1259339776/H-H1_GWOSC_O3b_4KHZ_R1-1259593728-4096.hdf5,https://www.gw-openscience.org/archive/data/O3b_4KHZ_R1/1259339776/L-L1_GWOSC_O3b_4KHZ_R1-1259593728-4096.hdf5
303,1259597824,https://www.gw-openscience.org/archive/data/O3b_4KHZ_R1/1259339776/H-H1_GWOSC_O3b_4KHZ_R1-1259597824-4096.hdf5,https://www.gw-openscience.org/archive/data/O3b_4KHZ_R1/1259339776/L-L1_GWOSC_O3b_4KHZ_R1-1259597824-4096.hdf5
304,1259610112,https://www.gw-openscience.org/archive/data/O3b_4KHZ_R1/1259339776/H-H1_GWOSC_O3b_4KHZ_R1-1259610112-4096.hdf5,https://www.gw-openscience.org/archive/data/O3b_4KHZ_R1/1259339776/L-L1_GWOSC_O3b_4KHZ_R1-1259610112-4096.hdf5
305,1259614208,https://www.gw-openscience.org/archive/data/O3b_4KHZ_R1/1259339776/H-H1_GWOSC_O3b_4KHZ_R1-1259614208-4096.hdf5,https://www.gw-openscience.org/archive/data/O3b_4KHZ_R1/1259339776/L-L1_GWOSC_O3b_4KHZ_R1-1259614208-4096.hdf5
306,1259626496,https://www.gw-openscience.org/archive/data/O3b_4KHZ_R1/1259339776/H-H1_GWOSC_O3b_4KHZ_R1-1259626496-4096.hdf5,https://www.gw-openscience.org/archive/data/O3b_4KHZ_R1/1259339776/L-L1_GWOSC_O3b_4KHZ_R1-1259626496-4096.hdf5
307,1259642880,https://www.gw-openscience.org/archive/data/O3b_4KHZ_R1/1259339776/H-H1_GWOSC_O3b_4KHZ_R1-1259642880-4096.hdf5,https://www.gw-openscience.org/archive/data/O3b_4KHZ_R1/1259339776/L-L1_GWOSC_O3b_4KHZ_R1-1259642880-4096.hdf5
308,1259646976,https://www.gw-openscience.org/archive/data/O3b_4KHZ_R1/1259339776/H-H1_GWOSC_O3b_4KHZ_R1-1259646976-4096.hdf5,https://www.gw-openscience.org/archive/data/O3b_4KHZ_R1/1259339776/L-L1_GWOSC_O3b_4KHZ_R1-1259646976-4096.hdf5
309,1259651072,https://www.gw-openscience.org/archive/data/O3b_4KHZ_R1/1259339776/H-H1_GWOSC_O3b_4KHZ_R1-1259651072-4096.hdf5,https://www.gw-openscience.org/archive/data/O3b_4KHZ_R1/1259339776/L-L1_GWOSC_O3b_4KHZ_R1-1259651072-4096.hdf5
310,1259655168,https://www.gw-openscience.org/archive/data/O3b_4KHZ_R1/1259339776/H-H1_GWOSC_O3b_4KHZ_R1-1259655168-4096.hdf5,https://www.gw-openscience.org/archive/data/O3b_4KHZ_R1/1259339776/L-L1_GWOSC_O3b_4KHZ_R1-1259655168-4096.hdf5
311,1259659264,https://www.gw-openscience.org/archive/data/O3b_4KHZ_R1/1259339776/H-H1_GWOSC_O3b_4KHZ_R1-1259659264-4096.hdf5,https://www.gw-openscience.org/archive/data/O3b_4KHZ_R1/1259339776/L-L1_GWOSC_O3b_4KHZ_R1-1259659264-4096.hdf5
312,1259663360,https://www.gw-openscience.org/archive/data/O3b_4KHZ_R1/1259339776/H-H1_GWOSC_O3b_4KHZ_R1-1259663360-4096.hdf5,https://www.gw-openscience.org/archive/data/O3b_4KHZ_R1/1259339776/L-L1_GWOSC_O3b_4KHZ_R1-1259663360-4096.hdf5
313,1259667456,https://www.gw-openscience.org/archive/data/O3b_4KHZ_R1/1259339776/H-H1_GWOSC_O3b_4KHZ_R1-1259667456-4096.hdf5,https://www.gw-openscience.org/archive/data/O3b_4KHZ_R1/1259339776/L-L1_GWOSC_O3b_4KHZ_R1-1259667456-4096.hdf5
314,1259671552,https://www.gw-openscience.org/archive/data/O3b_4KHZ_R1/1259339776/H-H1_GWOSC_O3b_4KHZ_R1-1259671552-4096.hdf5,https://www.gw-openscience.org/archive/data/O3b_4KHZ_R1/1259339776/L-L1_GWOSC_O3b_4KHZ_R1-1259671552-4096.hdf5
315,1259675648,https://www.gw-openscience.org/archive/data/O3b_4KHZ_R1/1259339776/H-H1_GWOSC_O3b_4KHZ_R1-1259675648-4096.hdf5,https://www.gw-openscience.org/archive/data/O3b_4KHZ_R1/1259339776/L-L1_GWOSC_O3b_4KHZ_R1-1259675648-4096.hdf5
316,1259679744,https://www.gw-openscience.org/archive/data/O3b_4KHZ_R1/1259339776/H-H1_GWOSC_O3b_4KHZ_R1-1259679744-4096.hdf5,https://www.gw-openscience.org/archive/data/O3b_4KHZ_R1/1259339776/L-L1_GWOSC_O3b_4KHZ_R1-1259679744-4096.hdf5
317,1259683840,https://www.gw-openscience.org/archive/data/O3b_4KHZ_R1/1259339776/H-H1_GWOSC_O3b_4KHZ_R1-1259683840-4096.hdf5,https://www.gw-openscience.org/archive/data/O3b_4KHZ_R1/1259339776/L-L1_GWOSC_O3b_4KHZ_R1-1259683840-4096.hdf5
318,1259687936,https://www.gw-openscience.org/archive/data/O3b_4KHZ_R1/1259339776/H-H1_GWOSC_O3b_4KHZ_R1-1259687936-4096.hdf5,https://www.gw-openscience.org/archive/data/O3b_4KHZ_R1/1259339776/L-L1_GWOSC_O3b_4KHZ_R1-1259687936-4096.hdf5
319,1259692032,https://www.gw-openscience.org/archive/data/O3b_4KHZ_R1/1259339776/H-H1_GWOSC_O3b_4KHZ_R1-1259692032-4096.hdf5,https://www.gw-openscience.org/archive/data/O3b_4KHZ_R1/1259339776/L-L1_GWOSC_O3b_4KHZ_R1-1259692032-4096.hdf5
